"","keylist_data","Freq"
"1","'케이캡’을",1
"2","-0",3
"3","-01",5
"4","-015",3
"5","-03",3
"6","-04",1
"7","-05",1
"8","-06",3
"9","-07",4
"10","-08",5
"11","-10.7",1
"12","-101",1
"13","-103",1
"14","-116",2
"15","-12.",1
"16","-132",1
"17","-2.",1
"18","-201",2
"19","-24.3",1
"20","-248",1
"21","-29.6",1
"22","-30",1
"23","-33.1",1
"24","-431",1
"25","-47.1",1
"26","-515",3
"27","-7.0",1
"28","-85.2",1
"29","-98.9",1
"30","-건선",1
"31","-메트포르민",1
"32","-암로디핀",1
"33","-어리연꽃",1
"34","-칸데사르탄",1
"35","-크로마논",1
"36","-크로마놀",1
"37","-한국콜마만",1
"38","　",198
"39","　　",2
"40","$5,000",2
"41","(↓)",1
"42","(A1",2
"43","(감소)가액",1
"44","(다)",3
"45","(아토메트)",1
"46","(주)두산",1
"47","(주)팬젠",1
"48","(주1)",86
"49","(주1)당기",1
"50","(주2",4
"51","(주2)",36
"52","(주2)대체",1
"53","(주3",2
"54","(주3)",12
"55","(주4",2
"56","(주4)",4
"57","(주5",2
"58","(주5)",2
"59","(주6",2
"60","(주6)",2
"61","(주요",1
"62","(주주",1
"63","(한겨레",1
"64",",는",1
"65","/H&B",1
"66","[H&B",1
"67","[연환산",1
"68","〔유동부채〕",3
"69","〔유동자산〕",3
"70","〔자본금〕",1
"71","〔지배기업",1
"72","+2.",1
"73","+4.",1
"74","+5.",1
"75","<제7기",1
"76","·재고자산",1
"77","0.",8
"78","0.00",6
"79","0.01",10
"80","0.08",2
"81","0.11",2
"82","0.13",1
"83","0.14",1
"84","0.37",2
"85","0.4",1
"86","0.41",1
"87","0.47",2
"88","0.49",1
"89","0.5",3
"90","0.52",1
"91","0.56",1
"92","0.7",2
"93","0.8",1
"94","00",204
"95","01",75
"96","01.",37
"97","02",32
"98","02.",7
"99","03",23
"100","03.",21
"101","04",49
"102","04.",14
"103","05",41
"104","05.",7
"105","06",34
"106","06.",9
"107","07",26
"108","07.",10
"109","08",33
"110","08.",7
"111","09",33
"112","09.",1
"113","1,000",10
"114","1,002",2
"115","1,008",1
"116","1,013",4
"117","1,026",1
"118","1,028",1
"119","1,029",2
"120","1,030",1
"121","1,033",1
"122","1,043",1
"123","1,044",1
"124","1,050",3
"125","1,064",1
"126","1,092",2
"127","1,093",2
"128","1,108",1
"129","1,136",2
"130","1,146",1
"131","1,189",1
"132","1,193",1
"133","1,200",3
"134","1,215",2
"135","1,223",2
"136","1,228",1
"137","1,229",1
"138","1,230",1
"139","1,238",1
"140","1,240",2
"141","1,273",2
"142","1,281",1
"143","1,310",1
"144","1,331",2
"145","1,381",1
"146","1,396",8
"147","1,439",1
"148","1,448",1
"149","1,457",1
"150","1,459",1
"151","1,472",2
"152","1,493",1
"153","1,500",5
"154","1,514",1
"155","1,532",1
"156","1,536",1
"157","1,540",2
"158","1,551",1
"159","1,555",2
"160","1,600",1
"161","1,630",2
"162","1,646",1
"163","1,668",1
"164","1,696",2
"165","1,710",1
"166","1,727",1
"167","1,730",1
"168","1,755",2
"169","1,758",1
"170","1,770",1
"171","1,774",1
"172","1,787",3
"173","1,798",4
"174","1,802",2
"175","1,821",2
"176","1,829",1
"177","1,837",1
"178","1,851",2
"179","1,862",2
"180","1,864",1
"181","1,884",1
"182","1,905",1
"183","1,906",1
"184","1,921",2
"185","1,931",1
"186","1,939",4
"187","1,944",1
"188","1,947",1
"189","1,954",3
"190","1,975",1
"191","1,998",1
"192","1.",17
"193","1.00",3
"194","1.23",1
"195","1.25",1
"196","1.5",2
"197","1.52",1
"198","1.66",1
"199","1.94",6
"200","10",129
"201","10,000",8
"202","10,051",3
"203","10,109",4
"204","10,110",1
"205","10,150",1
"206","10,170",1
"207","10,178",2
"208","10,260",1
"209","10,330",2
"210","10,419",1
"211","10,971",2
"212","10,972",4
"213","10.",7
"214","10.10",1
"215","10.7",1
"216","100",24
"217","100.",27
"218","100.0",4
"219","100.8",1
"220","101",3
"221","101.",1
"222","102",1
"223","102.",1
"224","103",4
"225","104",1
"226","105",3
"227","106",1
"228","108",5
"229","11",59
"230","11,000",1
"231","11,073",1
"232","11,265",3
"233","11,481",2
"234","11,483",2
"235","11,501",1
"236","11,553",1
"237","11,586",1
"238","11,607",4
"239","11,616",1
"240","11,680",1
"241","11,778",2
"242","11,854",6
"243","11,855",2
"244","11,935",2
"245","11,962",2
"246","11,965",1
"247","11,980",2
"248","11.",9
"249","11.3",1
"250","110",2
"251","110111",12
"252","1109",2
"253","111",1
"254","1115",2
"255","113",1
"256","116",3
"257","116.",1
"258","117.",1
"259","118",2
"260","119",2
"261","12",135
"262","12,000",2
"263","12,160",1
"264","12,282",1
"265","12,300",1
"266","12,359",6
"267","12,400",4
"268","12,540",1
"269","12,591",3
"270","12,722",1
"271","12,747",2
"272","12,767",1
"273","12,836",1
"274","12,843",1
"275","12,900",1
"276","12,932",2
"277","12.",54
"278","12.43",2
"279","12.8",1
"280","12.9",1
"281","12.90",2
"282","120",4
"283","120111",4
"284","121",2
"285","122",1
"286","124",9
"287","12420",2
"288","125",3
"289","128",2
"290","12월31일",1
"291","13",49
"292","13,117",1
"293","13,139",1
"294","13,246",1
"295","13,282",4
"296","13,298",1
"297","13,356",1
"298","13,362",1
"299","13,406",2
"300","13,500",1
"301","13,650",1
"302","13,651",4
"303","13,802",1
"304","13,919",1
"305","13,996",4
"306","13.1",2
"307","13.2",1
"308","13.40",1
"309","130",1
"310","131111",2
"311","131211",2
"312","132",1
"313","133",1
"314","134",3
"315","135",2
"316","136",3
"317","137",2
"318","14",34
"319","14,184",3
"320","14,278",2
"321","14,328",1
"322","14,336",1
"323","14,407",1
"324","14,542",2
"325","14,543",1
"326","14,559",1
"327","14,571",1
"328","14,655",4
"329","14,926",1
"330","14,974",1
"331","14.",3
"332","14.33",1
"333","140",4
"334","14001",2
"335","14199",1
"336","142.2",1
"337","143.5",1
"338","144.1",1
"339","146",2
"340","149",1
"341","15",41
"342","15,000",1
"343","15,040",2
"344","15,058",2
"345","15,100",1
"346","15,109",1
"347","15,305",1
"348","15,411",1
"349","15,419",2
"350","15,420",1
"351","15,470",1
"352","15,513",1
"353","15,514",1
"354","15,535",2
"355","15,714",2
"356","15,904",2
"357","15.7",1
"358","15.8",2
"359","152",1
"360","153",1
"361","15314",1
"362","156",2
"363","159",1
"364","16",54
"365","16,041",1
"366","16,071",1
"367","16,200",1
"368","16,286",4
"369","16,302",1
"370","16,500",1
"371","16,510",1
"372","16,606",1
"373","16,674",1
"374","16,939",1
"375","160",4
"376","164711",6
"377","165",1
"378","168",3
"379","169.",1
"380","17",42
"381","17,000",2
"382","17,028",3
"383","17,029",3
"384","17,084",1
"385","17,108",2
"386","17,250",3
"387","17,251",3
"388","17,497",1
"389","17,626",1
"390","17,651",1
"391","17,792",1
"392","17,810",3
"393","17,945",2
"394","17,968",4
"395","17.",1
"396","17.3",1
"397","17.4",2
"398","17.9",1
"399","17.99",2
"400","170.",1
"401","173",1
"402","175",1
"403","177",2
"404","178",2
"405","179",2
"406","17일기준",1
"407","18",83
"408","18,296",2
"409","18,297",2
"410","18,320",1
"411","18,337",2
"412","18,401",1
"413","18,402",1
"414","18,411",1
"415","18,419",1
"416","18,447",2
"417","18,485",1
"418","18,787",1
"419","18,875",1
"420","18,883",1
"421","18,932",1
"422","18,955",1
"423","18.",5
"424","18.9",1
"425","180",16
"426","181",4
"427","184",1
"428","185",1
"429","186",1
"430","19",44
"431","19,139",2
"432","19,189",1
"433","19,376",3
"434","19,500",4
"435","19,515",2
"436","19,530",1
"437","19,963",2
"438","19.",3
"439","191",5
"440","192.4",1
"441","1935",1
"442","1947",1
"443","1952",1
"444","1953",1
"445","1955",1
"446","1958",1
"447","1959",4
"448","1960",1
"449","1961",3
"450","1962",3
"451","1963",2
"452","1965",3
"453","1966",4
"454","1967",1
"455","1968",4
"456","1969",2
"457","1970",7
"458","1971",4
"459","1972",1
"460","1973",3
"461","1974",6
"462","1976",1
"463","1980",1
"464","1984",1
"465","1990",1
"466","1kg)",1
"467","1st",1
"468","1년미만",1
"469","1년이내",1
"470","1분기",17
"471","1심",12
"472","1월1일부터",1
"473","1월31일까",1
"474","1인당",1
"475","1인평",1
"476","1인평균",1
"477","1차연도",2
"478","1차연도는",1
"479","1처방",1
"480","2,000",3
"481","2,014",1
"482","2,025",2
"483","2,038",1
"484","2,058",1
"485","2,063",1
"486","2,077",2
"487","2,094",1
"488","2,111",1
"489","2,116",2
"490","2,117",1
"491","2,127",1
"492","2,155",4
"493","2,178",2
"494","2,201",1
"495","2,206",1
"496","2,208",1
"497","2,213",1
"498","2,216",1
"499","2,234",1
"500","2,239",1
"501","2,240",2
"502","2,250",1
"503","2,283",1
"504","2,322",1
"505","2,353",1
"506","2,367",2
"507","2,376",1
"508","2,387",1
"509","2,400",1
"510","2,407",2
"511","2,410",1
"512","2,425",1
"513","2,429",1
"514","2,430",1
"515","2,446",1
"516","2,468",3
"517","2,500",1
"518","2,539",1
"519","2,543",1
"520","2,549",1
"521","2,685",1
"522","2,688",2
"523","2,701",1
"524","2,712",2
"525","2,738",1
"526","2,769",2
"527","2,800",4
"528","2,810",1
"529","2,811",1
"530","2,900",5
"531","2,930",1
"532","2,940",1
"533","2,951",3
"534","2,975",1
"535","2.",4
"536","2.00",1
"537","2.32",2
"538","2.35",1
"539","2.40",1
"540","2.5",3
"541","2.50",5
"542","2.53",5
"543","2.58",2
"544","2.60",2
"545","2.73",2
"546","2.91",4
"547","20",52
"548","20,000",3
"549","20,146",1
"550","20,151",2
"551","20,254",1
"552","20,439",2
"553","20,500",1
"554","20,711",1
"555","20,769",1
"556","20,812",1
"557","20,822",4
"558","20,885",1
"559","20,886",1
"560","200",6
"561","2000",1
"562","2002년",2
"563","2007",2
"564","2007.",2
"565","201",1
"566","2010",2
"567","2010.",1
"568","2012",11
"569","2013",7
"570","2013.",2
"571","2014",5
"572","2014.",2
"573","2015",10
"574","2015.",3
"575","2016",29
"576","2016.",41
"577","2017",45
"578","2017.",46
"579","2018",150
"580","2018.",110
"581","2019",55
"582","2019.",6
"583","2020",9
"584","2020.",6
"585","2021",2
"586","2021.",7
"587","2022",2
"588","2023",3
"589","2025.",1
"590","2027.",3
"591","2028.",1
"592","205",1
"593","20일기준",1
"594","21",25
"595","21,026",1
"596","21,047",1
"597","21,101",6
"598","21,104",2
"599","21,147",1
"600","21,171",2
"601","21,181",1
"602","21,237",1
"603","21,259",4
"604","21,332",1
"605","21,470",4
"606","21,529",1
"607","21,652",2
"608","21,823",1
"609","21.27",1
"610","21.62",1
"611","21.8",1
"612","216.5",1
"613","22",33
"614","22,198",1
"615","22,247",2
"616","22,278",1
"617","22,316",1
"618","22,346",1
"619","22,687",1
"620","22,713",2
"621","22,872",1
"622","22,924",1
"623","22,984",2
"624","22.",1
"625","22.07",1
"626","22.3",2
"627","22.38",1
"628","221",1
"629","223",2
"630","226",1
"631","227.0",1
"632","22일기준",1
"633","23",47
"634","23,000",1
"635","23,010",1
"636","23,079",2
"637","23,186",1
"638","23,200",7
"639","23,483",2
"640","23,484",1
"641","23,585",1
"642","23,608",1
"643","23,945",2
"644","23.28",1
"645","232",8
"646","235",2
"647","24",35
"648","24,002",2
"649","24,314",1
"650","24,559",2
"651","24,568",4
"652","24,646",1
"653","24.3",1
"654","240",9
"655","244",1
"656","245",1
"657","246",1
"658","25",37
"659","25,200",1
"660","25,525",4
"661","25,680",1
"662","25,713",2
"663","25.8",1
"664","250",3
"665","257",1
"666","258",1
"667","259",2
"668","25일기준",1
"669","26",31
"670","26,085",2
"671","26,171",1
"672","26,376",1
"673","26,446",2
"674","26,580",1
"675","26,605",1
"676","26,740",1
"677","26,774",1
"678","261",1
"679","262",1
"680","268",1
"681","27",31
"682","27,100",2
"683","27,121",1
"684","27,201",2
"685","27,248",1
"686","27,742",1
"687","27,831",2
"688","27,943",1
"689","27,945",2
"690","27.",1
"691","27.79",3
"692","271",2
"693","277",2
"694","28",38
"695","28,100",1
"696","28,600",8
"697","28,847",3
"698","28,864",2
"699","28.1",1
"700","28.18",1
"701","28.65",1
"702","280",2
"703","29",46
"704","29,028",5
"705","29,147",1
"706","29,204",2
"707","29,523",1
"708","29,800",1
"709","29,996",1
"710","294.8",1
"711","297",1
"712","2J6",1
"713","2교대",2
"714","2단계",1
"715","2분기",4
"716","2인(오성근",3
"717","2중",1
"718","2차연",1
"719","2차연도",1
"720","2차연도는",1
"721","2항)",1
"722","3,000",8
"723","3,059",1
"724","3,068",1
"725","3,092",3
"726","3,150",2
"727","3,172",1
"728","3,186",1
"729","3,202",1
"730","3,205",1
"731","3,212",1
"732","3,249",2
"733","3,360",1
"734","3,386",1
"735","3,434",2
"736","3,451",2
"737","3,453",1
"738","3,481",1
"739","3,509",2
"740","3,510",1
"741","3,524",1
"742","3,556",2
"743","3,578",1
"744","3,579",1
"745","3,766",1
"746","3,895",2
"747","3,939",1
"748","3,951",1
"749","3,973",1
"750","3.",5
"751","3.04",2
"752","3.06",1
"753","3.08",2
"754","3.1",1
"755","3.10",1
"756","3.2",1
"757","3.3",1
"758","3.5",1
"759","3.78",1
"760","3.86",1
"761","3.9",2
"762","3.91",1
"763","30",67
"764","30,000",5
"765","30,422",1
"766","30,426",1
"767","30,798",2
"768","30.",1
"769","30.8",1
"770","300",3
"771","30056",2
"772","30060",1
"773","30061",1
"774","30066",1
"775","30070",1
"776","30074",2
"777","301",1
"778","302",2
"779","305",1
"780","306",1
"781","308.1",1
"782","309.8",1
"783","31",111
"784","31,163",1
"785","31,226",1
"786","31,677",2
"787","31,755",2
"788","32",25
"789","32,008",2
"790","32,009",1
"791","32,103",2
"792","32,322",1
"793","32,467",1
"794","32,527",1
"795","32,560",2
"796","32,561",2
"797","32,670",1
"798","323",1
"799","327",3
"800","329",1
"801","33",32
"802","33,008",1
"803","33,009",1
"804","33,097",2
"805","33,302",2
"806","33,473",1
"807","33,854",4
"808","33,949",1
"809","33.",1
"810","330",3
"811","335",1
"812","336",1
"813","338",1
"814","34",24
"815","34,002",1
"816","34,118",1
"817","34,716",1
"818","34,794",1
"819","34,869",2
"820","34.3",2
"821","34.68",1
"822","340",3
"823","35",19
"824","35,364",2
"825","35,625",2
"826","35.6",1
"827","351.1",1
"828","356",4
"829","36",24
"830","36,201",2
"831","36,500",6
"832","36,780",1
"833","361",1
"834","365",4
"835","367",1
"836","368",1
"837","369",2
"838","37",24
"839","37,156",1
"840","37,166",2
"841","37,541",1
"842","37,600",4
"843","37,664",1
"844","37,687",2
"845","37,688",1
"846","37,693",1
"847","37.0",1
"848","373",1
"849","375",2
"850","38",49
"851","38,156",1
"852","38,182",2
"853","38,646",1
"854","38,647",1
"855","38,698",3
"856","38,868",1
"857","38,869",4
"858","38,943",2
"859","38,961",1
"860","38.6",1
"861","382",3
"862","386",2
"863","39",36
"864","39,030",1
"865","39,669",2
"866","392",1
"867","393",1
"868","394",1
"869","397",2
"870","3M",2
"871","3개사",1
"872","3교대",2
"873","3분기",5
"874","3분기부터",1
"875","3사업연도",1
"876","3심",2
"877","3인(윤상현",3
"878","4,000",2
"879","4,028",1
"880","4,075",1
"881","4,076",2
"882","4,077",4
"883","4,107",2
"884","4,113",2
"885","4,140",1
"886","4,161",4
"887","4,212",8
"888","4,213",1
"889","4,260",2
"890","4,264",1
"891","4,265",5
"892","4,301",2
"893","4,310",4
"894","4,325",1
"895","4,355",1
"896","4,433",1
"897","4,554",1
"898","4,628",2
"899","4,660",1
"900","4,714",2
"901","4,717",2
"902","4,723",1
"903","4,858",1
"904","4,919",2
"905","4,922",1
"906","4,924",1
"907","4,989",1
"908","4.",7
"909","4.1",1
"910","4.20",1
"911","4.36",2
"912","4.47",1
"913","4.57",2
"914","4.61",1
"915","4.63",3
"916","4.7",4
"917","4.70",2
"918","4.74",21
"919","4.75",1
"920","4.77",1
"921","4.79",2
"922","4.80",1
"923","4.89",1
"924","4.9",3
"925","4.99",5
"926","40",52
"927","40,000",5
"928","40,063",1
"929","40,200",6
"930","40,325",1
"931","40,340",1
"932","40,759",2
"933","40001",4
"934","40010",1
"935","40011",1
"936","41",13
"937","41,213",2
"938","41,357",1
"939","41,942",2
"940","410",1
"941","417",2
"942","42",23
"943","42,000",1
"944","42,307",1
"945","42,638",2
"946","42,804",1
"947","42.",1
"948","420",8
"949","421",1
"950","426",1
"951","427",1
"952","43",17
"953","430",1
"954","431",1
"955","433",3
"956","434",2
"957","435.9",1
"958","436",1
"959","437",1
"960","439.0",1
"961","44",23
"962","44,126",1
"963","44,178",2
"964","44,304",1
"965","44,857",4
"966","44,941",1
"967","44,983",2
"968","441",1
"969","442",3
"970","447",1
"971","448",2
"972","449",2
"973","45",9
"974","45,000",1
"975","45,085",2
"976","45,118",2
"977","45,193",1
"978","45,348",2
"979","45,461",2
"980","45.",1
"981","452",4
"982","453",1
"983","454",1
"984","46",22
"985","46,000",1
"986","46,490",1
"987","46.",1
"988","463",1
"989","466",2
"990","47",18
"991","47,145",1
"992","47,261",1
"993","47,262",1
"994","47,283",1
"995","47,397",1
"996","47,568",2
"997","47,605",1
"998","47,622",1
"999","47.5",1
"1000","470",1
"1001","475품목",1
"1002","48",45
"1003","48,383",4
"1004","48,467",1
"1005","48,614",8
"1006","48,638",4
"1007","48,779",1
"1008","48.",1
"1009","49",16
"1010","49,007",1
"1011","49,116",2
"1012","49,200",2
"1013","49,254",3
"1014","49,340",1
"1015","49,471",1
"1016","49,816",1
"1017","49,899",1
"1018","49.8",1
"1019","490",1
"1020","492",1
"1021","492.2",1
"1022","495",2
"1023","4분기",4
"1024","5,000",4
"1025","5,004",1
"1026","5,065",1
"1027","5,068",1
"1028","5,131",1
"1029","5,200",2
"1030","5,201",2
"1031","5,225",1
"1032","5,229",1
"1033","5,279",2
"1034","5,285",2
"1035","5,290",1
"1036","5,357",5
"1037","5,402",3
"1038","5,403",2
"1039","5,500",6
"1040","5,597",1
"1041","5,621",4
"1042","5,650",1
"1043","5,726",2
"1044","5,813",2
"1045","5,831",4
"1046","5,835",1
"1047","5,864",1
"1048","5,892",1
"1049","5,942",1
"1050","5,945",2
"1051","5,947",1
"1052","5,963",1
"1053","5,977",5
"1054","5,987",2
"1055","5.",2
"1056","5.00",2
"1057","5.04",1
"1058","5.13",6
"1059","5.50",2
"1060","5.78",2
"1061","50",72
"1062","50,000",20
"1063","50,067",2
"1064","50,786",1
"1065","50,860",2
"1066","50,986",1
"1067","50.34",1
"1068","50.7",1
"1069","50.71",3
"1070","500",18
"1071","51",24
"1072","51,000",1
"1073","51,077",1
"1074","51,381",1
"1075","51,411",1
"1076","51,808",1
"1077","51,830",1
"1078","51.00",4
"1079","51.7",1
"1080","513",1
"1081","52",18
"1082","52,115",1
"1083","52,247",2
"1084","521",2
"1085","524",1
"1086","525",2
"1087","53",14
"1088","53,155",2
"1089","53,327",2
"1090","53,456",1
"1091","53,886",2
"1092","53.",1
"1093","54",11
"1094","54,115",1
"1095","54,177",1
"1096","54,200",1
"1097","54,300",1
"1098","547",2
"1099","549",1
"1100","55",13
"1101","55,601",2
"1102","55,810",1
"1103","55.5",1
"1104","552",1
"1105","553",1
"1106","554",1
"1107","557",2
"1108","56",27
"1109","56,114",1
"1110","56,227",2
"1111","56,928",1
"1112","560",6
"1113","561",1
"1114","565",1
"1115","567",1
"1116","57",19
"1117","57,642",2
"1118","57,794",1
"1119","57,826",2
"1120","57,972",2
"1121","573",1
"1122","57A",2
"1123","58",10
"1124","58,443",2
"1125","58,698",10
"1126","58,699",2
"1127","58,737",2
"1128","58,783",2
"1129","58.",1
"1130","580",1
"1131","581",2
"1132","587",2
"1133","59",24
"1134","59,566",1
"1135","59,607",1
"1136","59,687",2
"1137","59,818",1
"1138","59,976",1
"1139","59.78",2
"1140","593.2",1
"1141","594",2
"1142","5영업일",1
"1143","6,000",4
"1144","6,116",1
"1145","6,165",1
"1146","6,175",1
"1147","6,217",1
"1148","6,249",2
"1149","6,292",6
"1150","6,314",1
"1151","6,317",1
"1152","6,319",2
"1153","6,324",1
"1154","6,331",3
"1155","6,367",1
"1156","6,386",5
"1157","6,415",1
"1158","6,500",1
"1159","6,503",1
"1160","6,510",1
"1161","6,582",1
"1162","6,632",2
"1163","6,647",1
"1164","6,667",1
"1165","6,733",1
"1166","6,748",1
"1167","6,786",2
"1168","6,815",2
"1169","6,822",2
"1170","6,823",1
"1171","6,833",3
"1172","6,899",2
"1173","6,915",1
"1174","6,986",2
"1175","6,992",1
"1176","6.",1
"1177","6.23",1
"1178","6.3",1
"1179","6.50",1
"1180","6.99",1
"1181","60",29
"1182","60,000",2
"1183","60,022",1
"1184","60,681",1
"1185","60,974",9
"1186","605",1
"1187","606",2
"1188","607",1
"1189","61",20
"1190","61,296",5
"1191","61,863",1
"1192","61,864",1
"1193","611",2
"1194","62",10
"1195","62,007",1
"1196","62,319",1
"1197","62,913",1
"1198","62,959",1
"1199","62,998",1
"1200","63",20
"1201","63,173",1
"1202","63,559",2
"1203","63,592",1
"1204","63,861",2
"1205","632",1
"1206","636",2
"1207","638",2
"1208","64",15
"1209","64,000",1
"1210","64,424",1
"1211","64,601",1
"1212","64,602",1
"1213","64.4",2
"1214","65",10
"1215","65.3",3
"1216","657",1
"1217","658",2
"1218","66",32
"1219","66,822",2
"1220","66,945",2
"1221","66,963",2
"1222","66,976",1
"1223","667",2
"1224","67",30
"1225","67,281",1
"1226","67,304",1
"1227","67,856",1
"1228","67.3",1
"1229","671",1
"1230","672",1
"1231","674",1
"1232","679",1
"1233","68",24
"1234","68,000",3
"1235","68,300",1
"1236","68,362",2
"1237","68,500",1
"1238","683",2
"1239","69",18
"1240","69,940",4
"1241","69.",1
"1242","69.0",1
"1243","696",2
"1244","698",3
"1245","6개사(이하",1
"1246","7,184",2
"1247","7,336",1
"1248","7,374",2
"1249","7,400",1
"1250","7,401",1
"1251","7,405",1
"1252","7,422",1
"1253","7,431",6
"1254","7,446",2
"1255","7,457",1
"1256","7,533",2
"1257","7,565",1
"1258","7,630",1
"1259","7,897",1
"1260","7,969",1
"1261","7.",1
"1262","7.4",1
"1263","7.75",1
"1264","70",22
"1265","70,095",2
"1266","70,306",1
"1267","70,500",3
"1268","70,560",2
"1269","70,588",2
"1270","70,743",1
"1271","70.",1
"1272","701",1
"1273","702",2
"1274","703",2
"1275","704",2
"1276","706",1
"1277","708",1
"1278","71",19
"1279","71,596",2
"1280","71,874",2
"1281","710",2
"1282","714",4
"1283","72",27
"1284","72,205",1
"1285","72,296",1
"1286","72,321",2
"1287","72,384",2
"1288","72,627",1
"1289","72,800",1
"1290","72,923",1
"1291","725",1
"1292","73",20
"1293","73,625",1
"1294","730",1
"1295","731",2
"1296","74",27
"1297","74,000",2
"1298","74,176",1
"1299","74,182",2
"1300","74,289",1
"1301","74,300",1
"1302","74,311",1
"1303","74,442",2
"1304","741",2
"1305","743",5
"1306","75",17
"1307","75,097",1
"1308","75,470",1
"1309","75,800",1
"1310","75,957",1
"1311","750",1
"1312","758",1
"1313","76",11
"1314","76,245",1
"1315","76,412",3
"1316","76,718",2
"1317","76,989",1
"1318","766",2
"1319","77",33
"1320","77,081",2
"1321","77,101",1
"1322","77,376",2
"1323","77,421",3
"1324","78",22
"1325","78,309",1
"1326","78,672",1
"1327","78,732",2
"1328","78.2",1
"1329","78.3",1
"1330","783",1
"1331","785",3
"1332","786",1
"1333","789",1
"1334","79",11
"1335","79,000",1
"1336","79,007",1
"1337","79.",1
"1338","8,098",1
"1339","8,129",1
"1340","8,134",1
"1341","8,135",1
"1342","8,502",2
"1343","8,509",1
"1344","8,738",1
"1345","8,763",2
"1346","8,766",1
"1347","8,786",1
"1348","8,866",2
"1349","8,867",1
"1350","8,917",1
"1351","8,967",3
"1352","8.00",2
"1353","8.3",1
"1354","80",25
"1355","80,447",1
"1356","80,500",1
"1357","80,603",1
"1358","80,978",1
"1359","80,981",2
"1360","800",1
"1361","81",20
"1362","81,618",2
"1363","81,933",1
"1364","82",13
"1365","82,489",1
"1366","82,513",4
"1367","82,641",1
"1368","82,774",1
"1369","82.54",1
"1370","83",21
"1371","83,166",2
"1372","83,203",1
"1373","834",1
"1374","835",1
"1375","837",1
"1376","84",19
"1377","84,429",1
"1378","84,517",1
"1379","84,590",2
"1380","84,599",1
"1381","84,845",2
"1382","85",28
"1383","85,034",1
"1384","85,250",2
"1385","85,353",2
"1386","85,669",2
"1387","85,887",3
"1388","85,945",2
"1389","85.",1
"1390","85.00",6
"1391","850",4
"1392","850번길",1
"1393","86",31
"1394","86,096",1
"1395","86,385",1
"1396","86,565",1
"1397","86,674",1
"1398","864",1
"1399","87",9
"1400","87,419",2
"1401","870",1
"1402","872",1
"1403","873",1
"1404","88",26
"1405","88,115",2
"1406","88,116",6
"1407","88,554",2
"1408","88,972",4
"1409","880",3
"1410","881",1
"1411","882",1
"1412","883",1
"1413","89",19
"1414","89,412",1
"1415","89,691",1
"1416","89,692",1
"1417","89,723",1
"1418","9(3)",1
"1419","9,000",2
"1420","9,032",2
"1421","9,052",1
"1422","9,164",1
"1423","9,174",4
"1424","9,411",3
"1425","9,458",3
"1426","9,459",2
"1427","9,508",1
"1428","9,537",1
"1429","9,551",1
"1430","9,600",1
"1431","9,618",2
"1432","9,619",1
"1433","9,639",3
"1434","9,640",2
"1435","9,664",7
"1436","9,754",1
"1437","9,835",1
"1438","9,901",1
"1439","9,916",2
"1440","9,929",1
"1441","9,980",2
"1442","9,981",1
"1443","9.",1
"1444","9.4",1
"1445","9.6",1
"1446","9.74",2
"1447","9.8",1
"1448","90",29
"1449","90,000",3
"1450","90,720",1
"1451","900",3
"1452","908",1
"1453","909",1
"1454","91",13
"1455","91,595",1
"1456","91,835",1
"1457","919",2
"1458","92",23
"1459","92,502",1
"1460","927",1
"1461","93",12
"1462","93,597",2
"1463","93,876",1
"1464","933",1
"1465","934",1
"1466","935",1
"1467","94",25
"1468","94,056",1
"1469","94,645",7
"1470","94,794",1
"1471","94.4",1
"1472","946",2
"1473","95",24
"1474","95,484",4
"1475","95,605",1
"1476","95,606",1
"1477","950",1
"1478","957",2
"1479","958",1
"1480","96",24
"1481","96,143",4
"1482","96.0",1
"1483","97",24
"1484","97,409",2
"1485","97,669",1
"1486","972",1
"1487","98",15
"1488","98,858",1
"1489","99",19
"1490","99,277",2
"1491","99,378",2
"1492","99,430",1
"1493","99,564",5
"1494","99,738",7
"1495","99,841",1
"1496","99,992",1
"1497","99.",2
"1498","996",1
"1499","997",1
"1500","A.한국콜",2
"1501","AAA",4
"1502","ABCP",1
"1503","ADT캡스",1
"1504","along",6
"1505","an",1
"1506","and",20
"1507","AP",3
"1508","ASK1",1
"1509","ASP",1
"1510","Atomy",6
"1511","Awards",1
"1512","B.씨제이",3
"1513","B2B",2
"1514","B2C",1
"1515","Bank",7
"1516","Barrie",1
"1517","BD",1
"1518","Better",1
"1519","Bio",1
"1520","Bld",1
"1521","by",1
"1522","C&D",1
"1523","CAD",11
"1524","Canad",1
"1525","Canada",7
"1526","CANADA",3
"1527","Capa",1
"1528","CAPA",3
"1529","care",1
"1530","Care",6
"1531","CEP",1
"1532","CF",1
"1533","CGMP",3
"1534","Chin",2
"1535","China",3
"1536","CHINA",2
"1537","CJ",22
"1538","CKR",1
"1539","Class",1
"1540","CMO",15
"1541","CNY",50
"1542","co",3
"1543","Co",66
"1544","CO",1
"1545","CoA",1
"1546","CSO",1
"1547","CSR",29
"1548","DBS",7
"1549","DDS",1
"1550","Debt",1
"1551","Design",3
"1552","drag",2
"1553","Drag",2
"1554","Drink",1
"1555","Drive",1
"1556","Drug",1
"1557","Dual",1
"1558","E&P",2
"1559","EBITDA",1
"1560","EDC",1
"1561","Equity",2
"1562","EUR",2
"1563","Ever",1
"1564","EY",2
"1565","Family",1
"1566","film",1
"1567","First",1
"1568","Flair",1
"1569","Food",6
"1570","former",1
"1571","GBP",1
"1572","GMP",1
"1573","Good",1
"1574","GT",1
"1575","H&",1
"1576","H&B",1
"1577","H&B사업부",2
"1578","H&B연구소",1
"1579","heal",1
"1580","Health",6
"1581","Hefeng",1
"1582","High",2
"1583","HKD",2
"1584","HMG",1
"1585","http",2
"1586","II",12
"1587","III",6
"1588","In",5
"1589","Inc",62
"1590","INC",2
"1591","Inc.로",1
"1592","IPO",2
"1593","IR",1
"1594","IR52",1
"1595","ISO",1
"1596","IV",5
"1597","IX",2
"1598","JM",3
"1599","JPY",12
"1600","JW",1
"1601","JW크레아젠",1
"1602","KB",4
"1603","KDB",1
"1604","Keji",4
"1605","KEMBA",1
"1606","Kg",1
"1607","KKM",1
"1608","KMB",5
"1609","KMW",1
"1610","kolmar",3
"1611","Kolmar",66
"1612","KOLMAR",3
"1613","Korea",1
"1614","KOREA",1
"1615","kr",1
"1616","KRW",3
"1617","KRX300",1
"1618","Kureha",1
"1619","L4N",1
"1620","Leader",1
"1621","LED",1
"1622","LF",1
"1623","Life",2
"1624","LLC",22
"1625","Lt",2
"1626","Ltd",62
"1627","LTD",1
"1628","Luoxin",1
"1629","Meibao",4
"1630","NCPC",1
"1631","Net",1
"1632","New",1
"1633","NIHON",2
"1634","No",2
"1635","OBU",2
"1636","ODM",19
"1637","OEM",4
"1638","ON",1
"1639","Park",1
"1640","PB",1
"1641","PTP",4
"1642","QbD",1
"1643","R&D",5
"1644","R&D에",2
"1645","R&D에서",1
"1646","Rd",1
"1647","Review",1
"1648","right",6
"1649","Rona",1
"1650","Room",1
"1651","RQ",1
"1652","Scotia",2
"1653","Seokoh",38
"1654","SEOKOH",2
"1655","Seokon",2
"1656","SGD",12
"1657","SK",1
"1658","Smart",1
"1659","SPF",1
"1660","SR",1
"1661","St",1
"1662","SUN",1
"1663","System",2
"1664","Tag",2
"1665","the",1
"1666","to",1
"1667","Trust",1
"1668","USA",2
"1669","USD",49
"1670","VI",3
"1671","VII",2
"1672","VIII",2
"1673","West",1
"1674","WLM",1
"1675","world",1
"1676","World",1
"1677","Wuxi",29
"1678","WUXI",1
"1679","www",2
"1680","XI",6
"1681","XII",1
"1682","XIII",1
"1683","Yanqi",1
"1684","Yantai",5
"1685","YLB",1
"1686","Zero",1
"1687","Zone",1
"1688","가감",8
"1689","가격",25
"1690","가격변동",3
"1691","가결",31
"1692","가능",80
"1693","가능성",18
"1694","가동",8
"1695","가동률",1
"1696","가득",4
"1697","가사",1
"1698","가산",11
"1699","가상",1
"1700","가세",2
"1701","가스",1
"1702","가시성",1
"1703","가액",2
"1704","가액을",1
"1705","가용",1
"1706","가운데",2
"1707","가입",3
"1708","가장",2
"1709","가정",26
"1710","가중",1
"1711","가중평균",16
"1712","가지",5
"1713","가치",251
"1714","가치측정",18
"1715","각각",8
"1716","각비",2
"1717","각종",2
"1718","간접",1
"1719","간접적",2
"1720","간주",2
"1721","간편",8
"1722","감가",2
"1723","감가상각",12
"1724","감가상각비",12
"1725","감독",1
"1726","감마",1
"1727","감모",2
"1728","감사",43
"1729","감사보고서",2
"1730","감사인",1
"1731","감소",18
"1732","감소(증가",10
"1733","감안",1
"1734","감액",3
"1735","감전",6
"1736","감축",2
"1737","강도",1
"1738","강석",1
"1739","강소",2
"1740","강윤혜",1
"1741","강제집행",1
"1742","강준영",1
"1743","강학희",7
"1744","강학희)",3
"1745","강화",5
"1746","강화기",1
"1747","같습니",2
"1748","개년",2
"1749","개념",1
"1750","개량",1
"1751","개량신약1팀",1
"1752","개발",50
"1753","개발비용",2
"1754","개별",9
"1755","개별법",2
"1756","개별적",2
"1757","개서",1
"1758","개선",8
"1759","개설",6
"1760","개시",2
"1761","개월",86
"1762","개인",4
"1763","개인(주2)",1
"1764","개정",55
"1765","개진",1
"1766","개최",3
"1767","개최일자",2
"1768","개황",4
"1769","객관적",2
"1770","거래",81
"1771","거래량",1
"1772","거점",1
"1773","건강",6
"1774","건강증진",1
"1775","건물",11
"1776","건물(주1)",2
"1777","건별",1
"1778","건설",22
"1779","건의",2
"1780","검사",4
"1781","검증",1
"1782","검토",10
"1783","게재",3
"1784","겨냥",1
"1785","견본",2
"1786","견질",1
"1787","견해",1
"1788","결과",15
"1789","결론",1
"1790","결산",6
"1791","결산월",1
"1792","결손",2
"1793","결의",15
"1794","결정",34
"1795","결제",16
"1796","결제시기",2
"1797","결제할",4
"1798","결합",19
"1799","겸직",7
"1800","경과",2
"1801","경과규정",10
"1802","경과기간",1
"1803","경과조치",2
"1804","경구",1
"1805","경기",8
"1806","경력",4
"1807","경로",2
"1808","경북대학교",1
"1809","경비",2
"1810","경상",2
"1811","경상거래",2
"1812","경영",23
"1813","경영권",1
"1814","경영방침",1
"1815","경영상",3
"1816","경영실적",1
"1817","경영위원회",2
"1818","경영자",1
"1819","경영진",13
"1820","경영진단",1
"1821","경영학",8
"1822","경영환경",1
"1823","경우",124
"1824","경쟁",1
"1825","경쟁력",2
"1826","경쟁우위",3
"1827","경쟁이",1
"1828","경제",8
"1829","경진대회",1
"1830","경험",5
"1831","경험적",2
"1832","경희대학교",2
"1833","계류",27
"1834","계리",2
"1835","계산",21
"1836","계산방법",1
"1837","계산일",1
"1838","계상",13
"1839","계속",10
"1840","계약",88
"1841","계약금",1
"1842","계약금(금",1
"1843","계약금액",3
"1844","계약기간",1
"1845","계약내용",4
"1846","계약상",26
"1847","계약시",2
"1848","계약체결",4
"1849","계열",1
"1850","계열회사",8
"1851","계정",9
"1852","계통",1
"1853","계획",9
"1854","계획ㆍ운영",1
"1855","고가",1
"1856","고객",27
"1857","고객사",3
"1858","고객사들",1
"1859","고금리",2
"1860","고당",1
"1861","고려",13
"1862","고문",1
"1863","고민",1
"1864","고밀도",1
"1865","고발",1
"1866","고보습",1
"1867","고부가가치",1
"1868","고분자",1
"1869","고성장",5
"1870","고성장하며",1
"1871","고승",1
"1872","고영",1
"1873","고용노동",3
"1874","고정",4
"1875","고지",4
"1876","고지혈증",1
"1877","고혈",1
"1878","고혈압",3
"1879","고형",7
"1880","공간",1
"1881","공개",3
"1882","공고",5
"1883","공구와기구",4
"1884","공급",2
"1885","공단",2
"1886","공동",30
"1887","공동기업투",1
"1888","공동영업",16
"1889","공모",6
"1890","공모사채",3
"1891","공모자",1
"1892","공사",2
"1893","공시",51
"1894","공시가",2
"1895","공업",1
"1896","공여",1
"1897","공영",1
"1898","공유",3
"1899","공장",6
"1900","공장(10.",1
"1901","공정",248
"1902","공정가액",6
"1903","공정가액보다",1
"1904","공정관리",1
"1905","공학",4
"1906","과감",1
"1907","과거",23
"1908","과공",2
"1909","과목",8
"1910","과목별",1
"1911","과민성",1
"1912","과반수",14
"1913","과세",6
"1914","과세소득",6
"1915","과정",3
"1916","과학",6
"1917","관계",140
"1918","관계사",14
"1919","관계자",11
"1920","관련",77
"1921","관련법규",2
"1922","관련하",23
"1923","관리",51
"1924","관리정책",2
"1925","관상",1
"1926","관여",1
"1927","관점",1
"1928","관측",6
"1929","관할법원",6
"1930","괄목",1
"1931","광고선전비",2
"1932","광동제",1
"1933","광동제약",1
"1934","광안",1
"1935","광열비",2
"1936","괴리",2
"1937","교보생명",1
"1938","교부",2
"1939","교수",3
"1940","교육",9
"1941","교육실",1
"1942","교육훈련비",2
"1943","교체",1
"1944","교통비",2
"1945","구매",1
"1946","구백",1
"1947","구별",2
"1948","구본",1
"1949","구분",23
"1950","구성",36
"1951","구조",4
"1952","구주",1
"1953","구체",3
"1954","구축",3
"1955","구축물",10
"1956","구형흡착탄",1
"1957","국가",3
"1958","국공채",8
"1959","국내",34
"1960","국내외",8
"1961","국민",18
"1962","국민건강",1
"1963","국민연금",3
"1964","국외",4
"1965","국제",2
"1966","국제기준",1
"1967","권리",20
"1968","권리의무",1
"1969","권면",2
"1970","권분",1
"1971","권의",1
"1972","권이",1
"1973","권자",2
"1974","권한",1
"1975","귀속",6
"1976","귀중",1
"1977","규모",4
"1978","규사",1
"1979","규정",15
"1980","규정(배당",2
"1981","규정하",2
"1982","규제",3
"1983","규준",1
"1984","규칙",1
"1985","균형",1
"1986","그룹",8
"1987","극대",1
"1988","극대화",6
"1989","극복",1
"1990","근거",11
"1991","근로소득",8
"1992","근로자",4
"1993","근무",12
"1994","근속기간",4
"1995","근속연수",3
"1996","근오농림(주",1
"1997","근화제",1
"1998","글로벌",12
"1999","글리세린",2
"2000","금과",2
"2001","금리",4
"2002","금상",1
"2003","금액",233
"2004","금원을",1
"2005","금융",155
"2006","금융계",2
"2007","금융기관",8
"2008","금융비용",16
"2009","금융상품",55
"2010","금융완화",1
"2011","금융자산",300
"2012","금의",8
"2013","금지",4
"2014","급금",1
"2015","급변",1
"2016","급부",2
"2017","급비",6
"2018","급속",1
"2019","급액",1
"2020","급여",65
"2021","급여액",3
"2022","급증",1
"2023","긍정적",2
"2024","기간",50
"2025","기계장치",13
"2026","기관",3
"2027","기구",6
"2028","기념",1
"2029","기능",13
"2030","기능성",11
"2031","기대",14
"2032","기록",7
"2033","기말",46
"2034","기밀",1
"2035","기반",4
"2036","기법",12
"2037","기본",13
"2038","기본급",8
"2039","기본능력",4
"2040","기본법",1
"2041","기부금",2
"2042","기술",29
"2043","기술개발사업",2
"2044","기술개발연구",1
"2045","기술력",1
"2046","기술연구원",2
"2047","기술조사",1
"2048","기술진흥",1
"2049","기술집약",2
"2050","기업",197
"2051","기업공개",2
"2052","기업신용평가",1
"2053","기업어음",1
"2054","기업인",2
"2055","기업집단",1
"2056","기여도",4
"2057","기인",1
"2058","기일",4
"2059","기재",8
"2060","기전",1
"2061","기조",1
"2062","기존",12
"2063","기준",209
"2064","기준일",52
"2065","기초",102
"2066","기초과학",3
"2067","기초연구",2
"2068","기초자",12
"2069","기초화장품",3
"2070","기타",298
"2071","기타(대체",1
"2072","기타(대체)",1
"2073","기타(전기말",1
"2074","기타(주1)",2
"2075","기타(주3)",2
"2076","기타비용",5
"2077","기타비유동채",3
"2078","기타소득",4
"2079","기타유동부",3
"2080","기타유동부채",13
"2081","기타유동자",2
"2082","기타유동채",4
"2083","기행",4
"2084","기회",9
"2085","기획",2
"2086","기획2팀",1
"2087","기후변화",1
"2088","길영식",1
"2089","김남향",2
"2090","김도연",1
"2091","김병묵",1
"2092","김수",1
"2093","김유태",1
"2094","김정호",1
"2095","김진한",1
"2096","김형상",1
"2097","김형수",1
"2098","나노에멀젼을",1
"2099","나머지",2
"2100","나중",2
"2101","난용성",1
"2102","남광호",3
"2103","납기",1
"2104","납부",2
"2105","납입",9
"2106","납입자본금",2
"2107","납품",1
"2108","내부",20
"2109","내부기준",4
"2110","내수",12
"2111","내역",106
"2112","내용",116
"2113","내용액제",2
"2114","내용연수",18
"2115","내재",4
"2116","네일락카",1
"2117","네트워크",1
"2118","년대",1
"2119","년도",1
"2120","노력",3
"2121","노장",1
"2122","노출",18
"2123","노폐물",1
"2124","노하우",4
"2125","녹색",2
"2126","농업",2
"2127","농협",8
"2128","누계",28
"2129","누적",12
"2130","능력",6
"2131","니즈",2
"2132","다각화",1
"2133","다산기술상",1
"2134","다수",6
"2135","다수인",2
"2136","다수인(해당",1
"2137","다양",21
"2138","다음",256
"2139","다중",2
"2140","다품종",1
"2141","단계",5
"2142","단기",28
"2143","단기간",2
"2144","단기금융",4
"2145","단기금융상품",49
"2146","단기대여금",11
"2147","단기성",4
"2148","단기적",1
"2149","단기차입",11
"2150","단량체",1
"2151","단백질",3
"2152","단순",4
"2153","단시",2
"2154","단위",342
"2155","단위원",2
"2156","단주",1
"2157","단체",3
"2158","단취",1
"2159","달성",16
"2160","달성률",4
"2161","담당",5
"2162","담보",28
"2163","담보권",1
"2164","담보물",2
"2165","당국",6
"2166","당기",618
"2167","당기순손익",1
"2168","당기순이익",22
"2169","당뇨",5
"2170","당뇨병",1
"2171","당반기에",2
"2172","당사",254
"2173","당사자",4
"2174","당시",3
"2175","당좌",2
"2176","당지질",1
"2177","당초",1
"2178","대가",25
"2179","대가(양도한",2
"2180","대규모",1
"2181","대금",5
"2182","대기오염",1
"2183","대기오염물질",1
"2184","대단",1
"2185","대두",1
"2186","대등",1
"2187","대리인",1
"2188","대법원",2
"2189","대부분",12
"2190","대비",11
"2191","대상",39
"2192","대소",5
"2193","대소(주1)",1
"2194","대손",42
"2195","대손금",1
"2196","대손상각",2
"2197","대손상각비",4
"2198","대손상각비를",2
"2199","대여",1
"2200","대여금",2
"2201","대용",1
"2202","대우",1
"2203","대웅제",1
"2204","대웅제약",1
"2205","대응",7
"2206","대응능력",5
"2207","대응방안",2
"2208","대주",1
"2209","대주주",1
"2210","대책",2
"2211","대체",15
"2212","대체(주2)",2
"2213","대출",16
"2214","대출계약",1
"2215","대출금",4
"2216","대표",3
"2217","대표이사",45
"2218","대표적",1
"2219","대풍",1
"2220","대학교",11
"2221","대학원",1
"2222","대한",14
"2223","대행",1
"2224","대형",3
"2225","대형사",1
"2226","더블유플러스",3
"2227","더페이스샵",1
"2228","덕고개길",3
"2229","덕평리",1
"2230","데이터",1
"2231","도래",2
"2232","도매상",1
"2233","도모",1
"2234","도서",2
"2235","도소",4
"2236","도입",13
"2237","도전",2
"2238","도할",2
"2239","도ㆍ소매",3
"2240","독립",7
"2241","독보적",1
"2242","독특",1
"2243","돌파",1
"2244","동반",8
"2245","동부",21
"2246","동사",4
"2247","동안",8
"2248","동양",1
"2249","동일",9
"2250","동자",16
"2251","동향",2
"2252","동화",3
"2253","되는지분은",1
"2254","두창",1
"2255","둔화",1
"2256","뒷받침",2
"2257","드럭스토어",1
"2258","드링크",1
"2259","들이",5
"2260","등(C)",1
"2261","등(자회사",1
"2262","등(주2)",1
"2263","등급",1
"2264","등기",16
"2265","등기이사",3
"2266","등록",5
"2267","디소프록실",1
"2268","따라그",1
"2269","때문",2
"2270","때에는인식한",1
"2271","라이선스",9
"2272","라이센스",1
"2273","로바젯",2
"2274","로직",2
"2275","루키",1
"2276","리놀레익산",1
"2277","리무진",2
"2278","리미티드",1
"2279","리스",179
"2280","리스료",6
"2281","리스크",3
"2282","리프팅",1
"2283","립케어",1
"2284","립케어제품에",1
"2285","마감",1
"2286","마다",1
"2287","마련",2
"2288","마린코스메",1
"2289","마스터",1
"2290","마음",1
"2291","마이크로",1
"2292","마장",1
"2293","마케팅",6
"2294","마케팅전략",1
"2295","마하",1
"2296","만기",38
"2297","만기상환",3
"2298","만기수익률",1
"2299","만기일",10
"2300","만료",8
"2301","만료일",1
"2302","만성",1
"2303","만족",2
"2304","만큼",2
"2305","매각",6
"2306","매년",2
"2307","매니지먼트",1
"2308","매도",48
"2309","매매",12
"2310","매매업",1
"2311","매수인",1
"2312","매입",31
"2313","매입금액",2
"2314","매출",124
"2315","매출금액",2
"2316","매출실적",2
"2317","매출액",31
"2318","매출총이익",1
"2319","매트릭스",1
"2320","맥스",2
"2321","머니",2
"2322","메디카홀딩스",1
"2323","메디파마플랜",1
"2324","메커니즘",1
"2325","메트포르민과",1
"2326","면제",3
"2327","명목",1
"2328","명무",2
"2329","명부",6
"2330","명의",1
"2331","명절",4
"2332","명칭",3
"2333","명확",2
"2334","모니터링",3
"2335","모두",2
"2336","모범",1
"2337","모형",20
"2338","모회사",1
"2339","목적",34
"2340","목표",11
"2341","목표하",1
"2342","무균제",1
"2343","무기",2
"2344","무기명",3
"2345","무보",7
"2346","무사",2
"2347","무상",2
"2348","무상증자",1
"2349","무석",1
"2350","무석)",1
"2351","무석시",1
"2352","무석신한은행",1
"2353","무석콜마",13
"2354","무석콜마)",1
"2355","무역의날",1
"2356","무형",47
"2357","무형자산상각",2
"2358","무효",2
"2359","문구",1
"2360","문단",2
"2361","문제",1
"2362","물질",1
"2363","뮤추얼펀드",2
"2364","미국",13
"2365","미국신한은행",1
"2366","미달",1
"2367","미등기",48
"2368","미래",21
"2369","미래의",2
"2370","미래패키징",1
"2371","미립",2
"2372","미만",3
"2373","미상환",14
"2374","미생물",1
"2375","미수",13
"2376","미수금",13
"2377","미실시",6
"2378","미실현이익",1
"2379","미실현이익은",1
"2380","미주",1
"2381","미지",8
"2382","미지급금",6
"2383","미착",5
"2384","미행",5
"2385","미행사된",2
"2386","민감도분석은",2
"2387","민국",14
"2388","밀착력",1
"2389","및정상적으로",1
"2390","및현금흐름",1
"2391","바이오",4
"2392","바탕",8
"2393","박노준",1
"2394","박병준",1
"2395","박진",1
"2396","박호성",1
"2397","박홍권",1
"2398","반기",3
"2399","반도체",2
"2400","반면",1
"2401","반복",9
"2402","반영",24
"2403","반제",3
"2404","반제품",7
"2405","반품",2
"2406","반환",1
"2407","발견",1
"2408","발굴",1
"2409","발사르탄",1
"2410","발생",75
"2411","발생량",3
"2412","발생여부",2
"2413","발전",1
"2414","발주량",1
"2415","발표",2
"2416","발행",46
"2417","발행(감소",1
"2418","발행가격",1
"2419","발행가액",3
"2420","발행일",5
"2421","발행일자",1
"2422","발행주식",8
"2423","발행회사",2
"2424","방광",1
"2425","방법",28
"2426","방식",14
"2427","방안",1
"2428","방어",1
"2429","방지시설",1
"2430","방출",3
"2431","방침",2
"2432","배경",1
"2433","배당",30
"2434","배당금",20
"2435","배당률",3
"2436","배당수익률",4
"2437","배병",1
"2438","배부",2
"2439","배분",6
"2440","배상청구",6
"2441","배정",18
"2442","배제",1
"2443","배지",9
"2444","배출",4
"2445","배출규제",1
"2446","배출량",1
"2447","백신",1
"2448","백탁",2
"2449","버스",1
"2450","번호",2
"2451","범아시아",1
"2452","범위",17
"2453","범주",19
"2454","법규",3
"2455","법령",2
"2456","법률",2
"2457","법원",9
"2458","법인",15
"2459","법인등록",2
"2460","법인세",98
"2461","법정",2
"2462","베시스타",1
"2463","베인앤컴퍼니",2
"2464","베트남",2
"2465","벤처캐피탈",4
"2466","변경",52
"2467","변동",94
"2468","변동금리",4
"2469","변동대",4
"2470","변동사",1
"2471","변동에따른",1
"2472","변수",12
"2473","변화",6
"2474","별관",1
"2475","별도",14
"2476","별도법인",1
"2477","별도ㆍ연결",1
"2478","병원",1
"2479","병합",1
"2480","보건",1
"2481","보건식",4
"2482","보고",26
"2483","보고서",4
"2484","보관",4
"2485","보광그룹",1
"2486","보급",1
"2487","보령",1
"2488","보상",22
"2489","보상한도",2
"2490","보수",30
"2491","보습",6
"2492","보완",1
"2493","보유",102
"2494","보유주식",2
"2495","보유지분",4
"2496","보장",2
"2497","보전",2
"2498","보조금",6
"2499","보증",68
"2500","보증금",2
"2501","보충",9
"2502","보통",12
"2503","보통주",55
"2504","보험",20
"2505","보험가입",2
"2506","보험료",2
"2507","보호",5
"2508","보호예수",2
"2509","보호예수기간",1
"2510","보호예수사유",1
"2511","복구",2
"2512","복리후생비",2
"2513","복약",1
"2514","복합",6
"2515","복합기술",1
"2516","복합적",3
"2517","본격",1
"2518","본문",1
"2519","본부",3
"2520","본사",2
"2521","본점",1
"2522","부가",3
"2523","부가가치",2
"2524","부과",2
"2525","부금",9
"2526","부담",8
"2527","부담액",5
"2528","부대",5
"2529","부동산",13
"2530","부득이",1
"2531","부문",83
"2532","부보",6
"2533","부분",7
"2534","부사",13
"2535","부사장",1
"2536","부스팅",1
"2537","부외거",1
"2538","부자재",1
"2539","부작용",1
"2540","부장",8
"2541","부재료",2
"2542","부재료를",1
"2543","부정확",1
"2544","부족",1
"2545","부존",3
"2546","부착력",1
"2547","부채",125
"2548","부채(A)",2
"2549","부채비율",7
"2550","부천",2
"2551","부천)",1
"2552","부천사업장",1
"2553","부천시",3
"2554","부터",20
"2555","부활",1
"2556","북경",1
"2557","북경국민은행",2
"2558","북경산업은행",1
"2559","북경콜마",7
"2560","북미",1
"2561","북미법인",1
"2562","분과",1
"2563","분기",4
"2564","분류",79
"2565","분리",7
"2566","분리형",5
"2567","분말",1
"2568","분산",4
"2569","분석",22
"2570","분야",7
"2571","분임조",1
"2572","분쟁",1
"2573","분할",11
"2574","분해",1
"2575","분화",1
"2576","불가능",4
"2577","불구",1
"2578","불리",4
"2579","불참",109
"2580","불특정",4
"2581","불확실",14
"2582","뷰티",1
"2583","브랜드",11
"2584","브랜드샵을",1
"2585","블록",1
"2586","비감",1
"2587","비공",2
"2588","비과세",2
"2589","비교",11
"2590","비교표",1
"2591","비등기",1
"2592","비례",2
"2593","비롯",2
"2594","비상",31
"2595","비상근",11
"2596","비상장",8
"2597","비상장사",1
"2598","비슷",1
"2599","비용",44
"2600","비용상",1
"2601","비용처리",3
"2602","비유",48
"2603","비유동금융자",2
"2604","비율",15
"2605","비전",2
"2606","비중",6
"2607","비쥬얼",1
"2608","비즈니스",3
"2609","비지",12
"2610","비품",4
"2611","비품(주1)",2
"2612","사건",24
"2613","사고",1
"2614","사금",8
"2615","사내",13
"2616","사망",1
"2617","사모",17
"2618","사모사채",2
"2619","사무",6
"2620","사별",2
"2621","사슬",1
"2622","사신",1
"2623","사실",4
"2624","사업",120
"2625","사업결합으",5
"2626","사업계획",1
"2627","사업보고서",2
"2628","사업연도",13
"2629","사업장",9
"2630","사업지원",1
"2631","사업형태",1
"2632","사와",1
"2633","사외",22
"2634","사외이사",22
"2635","사용",58
"2636","사용(또는",2
"2637","사용권",2
"2638","사용료",2
"2639","사용자",1
"2640","사원",4
"2641","사유",10
"2642","사유(이자",1
"2643","사이",2
"2644","사이넥스",1
"2645","사인",1
"2646","사임",1
"2647","사채",15
"2648","사채권",1
"2649","사채발행",6
"2650","사항",74
"2651","사후",2
"2652","산단길",2
"2653","산업",60
"2654","산업시설",3
"2655","산업재산권",8
"2656","산정",35
"2657","산정방식",1
"2658","산출",12
"2659","산출근거",1
"2660","산출방법",1
"2661","산학",2
"2662","삼성",5
"2663","삼성화재",1
"2664","삼양패키징",1
"2665","삼일",1
"2666","삼일제",1
"2667","상각",1
"2668","상각누계액",6
"2669","상각누계액과",2
"2670","상각대상",2
"2671","상각방법과",2
"2672","상각비",4
"2673","상각하고",4
"2674","상각후",3
"2675","상각후원가",46
"2676","상각후원가로",20
"2677","상계",17
"2678","상근",60
"2679","상기",22
"2680","상당액",2
"2681","상대",5
"2682","상대방",2
"2683","상무",16
"2684","상법",3
"2685","상세",4
"2686","상승",15
"2687","상실",3
"2688","상업적",1
"2689","상여",8
"2690","상여금",4
"2691","상우",1
"2692","상위",3
"2693","상위권",1
"2694","상의",3
"2695","상이",1
"2696","상장",7
"2697","상장법인",3
"2698","상장사",1
"2699","상전이",1
"2700","상정",1
"2701","상존",1
"2702","상태",4
"2703","상표",2
"2704","상표권",1
"2705","상품",70
"2706","상한의",2
"2707","상해",2
"2708","상호간",1
"2709","상환",28
"2710","상환가액",1
"2711","상환권",2
"2712","상환기간",1
"2713","상환년도",2
"2714","상황",15
"2715","상회",1
"2716","색조",13
"2717","색조화장품",8
"2718","생각",1
"2719","생략",1
"2720","생리",1
"2721","생리학",1
"2722","생명",9
"2723","생물학",1
"2724","생산",49
"2725","생산가능",2
"2726","생산공장",3
"2727","생산능력",8
"2728","생산량",1
"2729","생산및설비에",1
"2730","생산설비",7
"2731","생산지원그",2
"2732","생산품목",1
"2733","생산효율",1
"2734","생활",2
"2735","서류",1
"2736","서류작성",3
"2737","서명",3
"2738","서방",4
"2739","서비스",8
"2740","서열",8
"2741","서울",4
"2742","서울고등법원",3
"2743","서울공항",2
"2744","서울대학교",5
"2745","서울보증보험",1
"2746","서울시",1
"2747","서울시에서",1
"2748","서울특별시",5
"2749","서울행",2
"2750","서일회계법인",4
"2751","서초구",3
"2752","서초구(서울",1
"2753","서현",2
"2754","석유화학",2
"2755","선급",2
"2756","선급금",6
"2757","선도",3
"2758","선두",2
"2759","선수",1
"2760","선수금",2
"2761","선수취하여",2
"2762","선임",5
"2763","선정",3
"2764","선제",1
"2765","선지급하거나",2
"2766","선지급한",1
"2767","선진국",1
"2768","선진시장",2
"2769","선택",25
"2770","선택권",2
"2771","설립",11
"2772","설명",11
"2773","설비",5
"2774","설비능력",4
"2775","설상여금",4
"2776","설정",8
"2777","설정률(%",1
"2778","설치",2
"2779","섬세",1
"2780","성간",2
"2781","성격",3
"2782","성공",2
"2783","성과",7
"2784","성균관대학교",3
"2785","성명",7
"2786","성별",2
"2787","성보",2
"2788","성분",7
"2789","성자",1
"2790","성장",17
"2791","성장률",4
"2792","성장율",1
"2793","성장호르몬",2
"2794","성향",4
"2795","성형",1
"2796","성형기",1
"2797","세간",1
"2798","세금",2
"2799","세대",1
"2800","세무",5
"2801","세무회계",1
"2802","세법",2
"2803","세부",2
"2804","세분",1
"2805","세비",6
"2806","세안",1
"2807","세액공제",2
"2808","세율",2
"2809","세전이익은",1
"2810","세종사업장",1
"2811","세종시",3
"2812","세종시에",1
"2813","세효과",2
"2814","세후",10
"2815","센터",2
"2816","소각",1
"2817","소계",28
"2818","소관",1
"2819","소규모",1
"2820","소급",12
"2821","소득세",2
"2822","소량생산",1
"2823","소매업",1
"2824","소멸",10
"2825","소멸시효",1
"2826","소모품",6
"2827","소비",4
"2828","소비량",1
"2829","소비성향",1
"2830","소비자",3
"2831","소비재",1
"2832","소속회사",1
"2833","소송",4
"2834","소송가액",9
"2835","소송가액은",3
"2836","소송사",3
"2837","소송사건",24
"2838","소수주주",2
"2839","소액",1
"2840","소액자산(예",2
"2841","소액주주",2
"2842","소요",2
"2843","소유",17
"2844","소유주",5
"2845","소유주식",4
"2846","소유주지분〕",1
"2847","소재",6
"2848","소재지",3
"2849","속도",1
"2850","속방",1
"2851","손상",45
"2852","손실",65
"2853","손익",289
"2854","손익계산",2
"2855","손익계산서",9
"2856","손자",13
"2857","손해",9
"2858","솔레톤",1
"2859","솔루션",3
"2860","송암빌딩",1
"2861","수권",1
"2862","수단",4
"2863","수도",2
"2864","수량",12
"2865","수령",10
"2866","수령액",3
"2867","수리",4
"2868","수립",4
"2869","수반",2
"2870","수분",3
"2871","수상",6
"2872","수선",4
"2873","수성",1
"2874","수수료",2
"2875","수액",6
"2876","수액(단위",1
"2877","수요",1
"2878","수요예측",1
"2879","수원",1
"2880","수익",80
"2881","수익(또는",2
"2882","수익(매출액",2
"2883","수익성",1
"2884","수익증권",5
"2885","수입",2
"2886","수정",2
"2887","수족",1
"2888","수주",5
"2889","수준",61
"2890","수준3",2
"2891","수중",1
"2892","수질오염",1
"2893","수출",20
"2894","수출입은행",3
"2895","수출촉진",2
"2896","수취",13
"2897","수치",1
"2898","수탁",6
"2899","수행",12
"2900","수행경험",2
"2901","수행의무",8
"2902","수혜",1
"2903","숙명",1
"2904","숙취",3
"2905","순결제특성이",2
"2906","순공정가치",1
"2907","순손",1
"2908","순손익",1
"2909","순손익은",2
"2910","순액",8
"2911","순응",1
"2912","순의신한은행",1
"2913","순의우리은행",1
"2914","순이익",10
"2915","순이자를",2
"2916","순이자원가",2
"2917","순자산",3
"2918","순자산에",1
"2919","순자산을",1
"2920","순자산총계",2
"2921","순장",5
"2922","순전입액",1
"2923","순전출액",1
"2924","순지",1
"2925","순차",4
"2926","순투자",2
"2927","순확정급여부",6
"2928","순확정급여자",1
"2929","순환기",1
"2930","스탠포드대학",1
"2931","승낙",1
"2932","승소",3
"2933","승인",25
"2934","시간",5
"2935","시너",2
"2936","시너지",10
"2937","시사",2
"2938","시상",2
"2939","시설",1
"2940","시설자금",7
"2941","시스템",4
"2942","시작",18
"2943","시장",52
"2944","시장점유율",4
"2945","시장조사",1
"2946","시재액",2
"2947","시점",36
"2948","시행",3
"2949","시험",1
"2950","식물",1
"2951","식별",8
"2952","식별가능",6
"2953","식약처",2
"2954","식염",1
"2955","식품",8
"2956","식품의약품",4
"2957","신고",1
"2958","신공장",1
"2959","신규",17
"2960","신기",2
"2961","신뢰성",8
"2962","신문",1
"2963","신문방송학",1
"2964","신설회사",2
"2965","신소재",3
"2966","신약",14
"2967","신약개발",1
"2968","신용",22
"2969","신용거래",4
"2970","신용도",4
"2971","신용등급",1
"2972","신용장",2
"2973","신용평가기관",2
"2974","신정",2
"2975","신제품",1
"2976","신제형연구",1
"2977","신종",1
"2978","신주",29
"2979","신주(제3호",1
"2980","신주인수권",37
"2981","신한은행",14
"2982","신협",1
"2983","신홍주",1
"2984","실무",4
"2985","실무적",8
"2986","실사",7
"2987","실시",7
"2988","실시여부",2
"2989","실재성",2
"2990","실적",14
"2991","실제",7
"2992","실종",1
"2993","실질",6
"2994","실체",134
"2995","실행",1
"2996","실험",1
"2997","실현",8
"2998","심도",1
"2999","심사",1
"3000","심화",2
"3001","씨제이",1
"3002","씨케이",2
"3003","씨케이엠",10
"3004","씨케이엠(주",4
"3005","아래",8
"3006","아름다움",1
"3007","아모레퍼시",1
"3008","아모레퍼시픽",10
"3009","아시아",3
"3010","아웃",6
"3011","아웃소싱",1
"3012","아웃소싱이",1
"3013","아주대학교",1
"3014","아킨지오",1
"3015","아토메트서방",1
"3016","안국약",1
"3017","안내",1
"3018","안병",1
"3019","안병준",4
"3020","안병준)",3
"3021","안전",5
"3022","안전기준",1
"3023","안정",14
"3024","안트로젠",1
"3025","않았다",1
"3026","알콜",2
"3027","암로디핀을",1
"3028","암웨이",1
"3029","애비",1
"3030","애터미",1
"3031","액과",3
"3032","액면",9
"3033","액면가",1
"3034","액정",1
"3035","액제",1
"3036","앤드",1
"3037","약가",5
"3038","약물",10
"3039","약속",4
"3040","약자",2
"3041","약정",38
"3042","약정사",2
"3043","약제",3
"3044","약품",7
"3045","약학",8
"3046","약학대학",1
"3047","양도",14
"3048","양도인",2
"3049","양분",1
"3050","양사",1
"3051","양수",4
"3052","양자화",1
"3053","양재",3
"3054","어음ㆍ수표",1
"3055","억제",4
"3056","억제제",1
"3057","언급",1
"3058","엄격",5
"3059","업계",11
"3060","업데이트할",1
"3061","업무",16
"3062","업무지원",1
"3063","업소",1
"3064","업종",1
"3065","업체",15
"3066","에너지",1
"3067","에너지절감",1
"3068","에미",1
"3069","에스",1
"3070","엑스",1
"3071","엘지생명과학",1
"3072","여건",2
"3073","여력",1
"3074","여부",15
"3075","여비",2
"3076","여신한도",1
"3077","여자",1
"3078","여정",1
"3079","여주아카데미",1
"3080","역경",1
"3081","역량",5
"3082","역류",1
"3083","역사",2
"3084","역사적",2
"3085","역할",2
"3086","연간",4
"3087","연결",219
"3088","연결로",1
"3089","연계",1
"3090","연고",3
"3091","연고제",1
"3092","연고크림제형",1
"3093","연구",46
"3094","연구개발비",5
"3095","연구소",17
"3096","연구소장",1
"3097","연구조직",2
"3098","연대보증",2
"3099","연도",6
"3100","연령",4
"3101","연복리",1
"3102","연성",1
"3103","연세",2
"3104","연속",1
"3105","연우",1
"3106","연장",2
"3107","연차",8
"3108","연체",2
"3109","연평균",1
"3110","영구",2
"3111","영문",1
"3112","영양식",2
"3113","영양식품",4
"3114","영업",35
"3115","영업과정",4
"3116","영업권",20
"3117","영업부",10
"3118","영업부문",2
"3119","영업비용",1
"3120","영업실적",1
"3121","영업이익",22
"3122","영업활동",13
"3123","영역",1
"3124","영위",12
"3125","영향",66
"3126","영향력",2
"3127","예금",7
"3128","예방",5
"3129","예비",2
"3130","예산",1
"3131","예상",21
"3132","예상액",1
"3133","예수금",2
"3134","예수일",1
"3135","예수주식수",1
"3136","예수주식수를",1
"3137","예외규정",2
"3138","예정",11
"3139","예측",24
"3140","예측가능",6
"3141","오딘제10차",1
"3142","오랜기간",2
"3143","오류",2
"3144","오산",1
"3145","오성",6
"3146","오송",5
"3147","오송(주1)",1
"3148","오송신약대상",1
"3149","오스트리아",1
"3150","오프",1
"3151","온라인",1
"3152","온실",1
"3153","온실가스",3
"3154","온실가스량",1
"3155","올리브",1
"3156","올해",1
"3157","옵션",1
"3158","와이",2
"3159","와튼",1
"3160","완공",1
"3161","완료",10
"3162","완벽",1
"3163","완성",3
"3164","완전",3
"3165","완제",1
"3166","완제의약품",1
"3167","완제품",1
"3168","외국",1
"3169","외담대",2
"3170","외부",3
"3171","외부감사인",1
"3172","외상",1
"3173","외용",2
"3174","외용액제",3
"3175","외의",4
"3176","외적",1
"3177","외주",1
"3178","외품",1
"3179","외화",29
"3180","외환",23
"3181","외환거래",2
"3182","요구",16
"3183","요구불예금",4
"3184","요소",24
"3185","요소(이하",2
"3186","요시",3
"3187","요시히데",2
"3188","요시히로",3
"3189","요약",8
"3190","요인",5
"3191","요청",1
"3192","용도",6
"3193","용도(H&B",1
"3194","용수",3
"3195","용역",13
"3196","용이",1
"3197","용차",6
"3198","용해도",1
"3199","우량",3
"3200","우려",1
"3201","우리",10
"3202","우리나라",1
"3203","우리사주조합",2
"3204","우발",6
"3205","우발부",5
"3206","우석제",1
"3207","우선",10
"3208","우선주",11
"3209","우수",1
"3210","우시신구와",1
"3211","우주산업",1
"3212","우창식",1
"3213","운반",11
"3214","운반보관료",2
"3215","운영",11
"3216","운영실태",1
"3217","운영자금",3
"3218","운용",28
"3219","운전",4
"3220","워너-램버트",2
"3221","원가",40
"3222","원고",15
"3223","원금",10
"3224","원료",9
"3225","원리금",6
"3226","원미구",1
"3227","원안",15
"3228","원인",3
"3229","원자재",4
"3230","원재료",6
"3231","원천",2
"3232","원천징수",2
"3233","원체제",1
"3234","원칙",7
"3235","원화",8
"3236","원ㆍ부자재",2
"3237","월간",3
"3238","월별",4
"3239","위반",1
"3240","위수탁계약을",2
"3241","위식",1
"3242","위원",4
"3243","위원회",4
"3244","위주",4
"3245","위치",2
"3246","위험",81
"3247","위험요인",1
"3248","유가증권",6
"3249","유공",1
"3250","유공자",2
"3251","유도체",7
"3252","유동",11
"3253","유동금융자",2
"3254","유동부",2
"3255","유동부채",4
"3256","유동부채가",1
"3257","유동성",6
"3258","유동성대체",1
"3259","유동성위험",2
"3260","유동성위험관",2
"3261","유동성위험을",2
"3262","유동자",2
"3263","유동자산",26
"3264","유래",2
"3265","유럽",3
"3266","유류",2
"3267","유리",4
"3268","유무",1
"3269","유사",7
"3270","유상",9
"3271","유상증자",9
"3272","유수",1
"3273","유유",1
"3274","유의",3
"3275","유의사",1
"3276","유의적",11
"3277","유입",10
"3278","유지",7
"3279","유지비",8
"3280","유출",15
"3281","유통",17
"3282","유통업계",1
"3283","유통채널",1
"3284","유통판매",1
"3285","유틸리티",1
"3286","유한",4
"3287","유행",2
"3288","유형",54
"3289","유형별",2
"3290","유화",2
"3291","유화시스",1
"3292","유효",11
"3293","육성",1
"3294","윤동한",10
"3295","윤동희",1
"3296","윤리경영",1
"3297","윤상현",13
"3298","윤여",1
"3299","융합제형연구",1
"3300","으뜸",1
"3301","으로",1
"3302","은행",53
"3303","을지로",1
"3304","음료",2
"3305","음료시장",1
"3306","음성",1
"3307","응용",1
"3308","응용기술",3
"3309","의거",7
"3310","의견",3
"3311","의견서",1
"3312","의견표시",1
"3313","의결",2
"3314","의결권",23
"3315","의결사",1
"3316","의결사항",1
"3317","의대",3
"3318","의도",4
"3319","의뢰",2
"3320","의료",2
"3321","의료기관",1
"3322","의만",1
"3323","의무",35
"3324","의무자",1
"3325","의무적",2
"3326","의미",5
"3327","의발",2
"3328","의사",2
"3329","의사결정",10
"3330","의사결정자",6
"3331","의사록",1
"3332","의안",16
"3333","의약",5
"3334","의약외품",3
"3335","의약품",65
"3336","의약품(신약",1
"3337","의약품산업",1
"3338","이광호",1
"3339","이내",9
"3340","이니스프리",1
"3341","이래",2
"3342","이름",6
"3343","이미지:",5
"3344","이보",2
"3345","이사",72
"3346","이사회",22
"3347","이사ㆍ감사",3
"3348","이상",15
"3349","이슈",1
"3350","이연법인",1
"3351","이연법인세",9
"3352","이연법인세는",2
"3353","이연법인세로",4
"3354","이연법인세부",1
"3355","이연법인세자",2
"3356","이연하여",2
"3357","이영욱",1
"3358","이영주",1
"3359","이외",8
"3360","이용",9
"3361","이용자",18
"3362","이유",1
"3363","이은태",1
"3364","이익",96
"3365","이익배당금",2
"3366","이입",1
"3367","이자",14
"3368","이자비용",13
"3369","이자수익",12
"3370","이자율",16
"3371","이자율변동",2
"3372","이전",43
"3373","이점",1
"3374","이중",1
"3375","이천(주1)",1
"3376","이층",1
"3377","이하",14
"3378","이학",1
"3379","이항모형",2
"3380","이해관계",1
"3381","이해관계자",1
"3382","이행",25
"3383","이행상황",1
"3384","이화",1
"3385","이후",44
"3386","인·허가",1
"3387","인간",3
"3388","인건비",1
"3389","인과",1
"3390","인구",1
"3391","인도",2
"3392","인력",2
"3393","인베스트먼트",1
"3394","인사",1
"3395","인센티브",22
"3396","인쇄비",2
"3397","인수",36
"3398","인수계약",1
"3399","인수대금",3
"3400","인수자금",3
"3401","인식",156
"3402","인식하",32
"3403","인원",1
"3404","인원수",5
"3405","인의",2
"3406","인장강도",2
"3407","인적",3
"3408","인적사",1
"3409","인정",7
"3410","인증",7
"3411","인천지점",2
"3412","인체",2
"3413","인캡슐레이션",1
"3414","인터넷",2
"3415","인하",4
"3416","인한손익은",2
"3417","일간",2
"3418","일관성",1
"3419","일괄",3
"3420","일반",29
"3421","일반소비자",1
"3422","일방",2
"3423","일본콜마",10
"3424","일부",20
"3425","일선",1
"3426","일시적",33
"3427","일자리",3
"3428","일정",10
"3429","일정입니",1
"3430","일종",2
"3431","일주권",1
"3432","일체",2
"3433","일치",2
"3434","임금",4
"3435","임금상승",2
"3436","임금상승률",4
"3437","임기",4
"3438","임대",9
"3439","임대료",1
"3440","임대보증금",2
"3441","임대수익",1
"3442","임상",2
"3443","임상1상",6
"3444","임상3상",1
"3445","임상시험",1
"3446","임원",77
"3447","임의",5
"3448","임직원",6
"3449","임차료",2
"3450","입금",6
"3451","입수",2
"3452","입술",1
"3453","입증",1
"3454","입출고",1
"3455","입회",2
"3456","있게추정할",1
"3457","있습니",3
"3458","잉여",12
"3459","잉여금",16
"3460","자(해당",1
"3461","자금",23
"3462","자금거래",6
"3463","자금관리",2
"3464","자금대출",24
"3465","자금부족",1
"3466","자금사",2
"3467","자금지원",1
"3468","자금차입",1
"3469","자기",3
"3470","자기자본",3
"3471","자리매김",1
"3472","자발적",1
"3473","자본",74
"3474","자본(B)",2
"3475","자본감소",1
"3476","자본과부채총",2
"3477","자본금",14
"3478","자본시장",2
"3479","자본잉여금",5
"3480","자본적지출",5
"3481","자본조달",2
"3482","자본화금액",1
"3483","자산",236
"3484","자산총액",6
"3485","자산ㆍ부채",3
"3486","자산ㆍ부채를",2
"3487","자상",1
"3488","자세",7
"3489","자신",3
"3490","자원",9
"3491","자원과",2
"3492","자인",4
"3493","자재",3
"3494","자체",3
"3495","자체생산",1
"3496","자회사",35
"3497","작물재배",2
"3498","작성",40
"3499","작업일수",4
"3500","작용",1
"3501","잔고",2
"3502","잔액",39
"3503","잔여",7
"3504","잔여기간",2
"3505","잔여상각기",1
"3506","잔존",8
"3507","잠재",4
"3508","잡비",1
"3509","잡손",1
"3510","잡손실",2
"3511","잡이익",2
"3512","장기",44
"3513","장기금융상품",9
"3514","장래",2
"3515","장벽",2
"3516","장부",105
"3517","장부가액",1
"3518","장부가액은",1
"3519","장소",2
"3520","장시간",1
"3521","장영실상",1
"3522","재검토",8
"3523","재계",1
"3524","재고",12
"3525","재고자산",41
"3526","재능",1
"3527","재료",3
"3528","재매입할",2
"3529","재무",52
"3530","재무구조",1
"3531","재무비",3
"3532","재무상태",15
"3533","재무적가정",2
"3534","재무제표",89
"3535","재분",2
"3536","재분류",43
"3537","재산",3
"3538","재선",6
"3539","재원",4
"3540","재임",1
"3541","재작성",13
"3542","재적",1
"3543","재정비",1
"3544","재조정",3
"3545","재직기간",1
"3546","재측정되는",2
"3547","재측정되며",1
"3548","재측정에",2
"3549","재측정요",11
"3550","재측정요소",15
"3551","재측정요소를",2
"3552","재측정하지",2
"3553","재측정합니다",2
"3554","재평가",4
"3555","재평가차액",4
"3556","재화",5
"3557","재확인",3
"3558","재활용",1
"3559","재활용품",1
"3560","저감",5
"3561","저성장",1
"3562","저장",6
"3563","저탄소",1
"3564","저해제",1
"3565","적격성",2
"3566","적격자",2
"3567","적극",1
"3568","적립",28
"3569","적립금",3
"3570","적립액",2
"3571","적법",1
"3572","적수",2
"3573","적용",188
"3574","적용대상",4
"3575","적원",2
"3576","적응증",1
"3577","적절",10
"3578","적정",5
"3579","적정성",1
"3580","적합",1
"3581","전국",1
"3582","전금액",4
"3583","전기",257
"3584","전기대",6
"3585","전년",8
"3586","전대",4
"3587","전동",5
"3588","전등",1
"3589","전략",5
"3590","전망",3
"3591","전무",12
"3592","전문",20
"3593","전문가",2
"3594","전문기관",1
"3595","전문업체",1
"3596","전반",3
"3597","전부",10
"3598","전부인",1
"3599","전사",6
"3600","전산시스템",1
"3601","전산장애",1
"3602","전성",1
"3603","전액",19
"3604","전웅기",1
"3605","전의",11
"3606","전입",7
"3607","전자",17
"3608","전전",1
"3609","전제",1
"3610","전체",13
"3611","전출",5
"3612","전통",1
"3613","전형",3
"3614","전화번호",2
"3615","전환",26
"3616","전환가액",2
"3617","전환사",2
"3618","전환사채",2
"3619","전후",1
"3620","절감",1
"3621","절반",1
"3622","절차",6
"3623","점안",1
"3624","점유율",1
"3625","접근",3
"3626","접대비",2
"3627","정관",5
"3628","정관30조",1
"3629","정기",5
"3630","정기예금",2
"3631","정기예ㆍ적금",2
"3632","정기주주총회",6
"3633","정당화",2
"3634","정도",8
"3635","정리",1
"3636","정밀화학공업",1
"3637","정법",2
"3638","정보",35
"3639","정보공개",3
"3640","정부",2
"3641","정부보조",6
"3642","정부보조금",45
"3643","정부포상",3
"3644","정산",10
"3645","정상",6
"3646","정성",2
"3647","정액",8
"3648","정의",6
"3649","정정",1
"3650","정착",1
"3651","정책",25
"3652","정확",1
"3653","제1",1
"3654","제1008호",2
"3655","제1012호",4
"3656","제1017호",2
"3657","제1019호",2
"3658","제1023호",2
"3659","제1027호",2
"3660","제1028호",4
"3661","제1039",1
"3662","제1039호",4
"3663","제1040호",2
"3664","제1102호",2
"3665","제1103호",2
"3666","제1109",1
"3667","제1109호",30
"3668","제1111호",2
"3669","제1115호",12
"3670","제1116호",12
"3671","제11회",1
"3672","제125조",1
"3673","제12회",1
"3674","제1항",2
"3675","제1항각호",1
"3676","제1항제3호",1
"3677","제1호",4
"3678","제1호에",1
"3679","제1호의안:",1
"3680","제1회",10
"3681","제2-1호",1
"3682","제2-2조",1
"3683","제2-2호",1
"3684","제2015호",2
"3685","제2027호",2
"3686","제20회",1
"3687","제2104호",2
"3688","제2122호",2
"3689","제2123호",2
"3690","제25회",2
"3691","제2조에",1
"3692","제2항에서",1
"3693","제2호",4
"3694","제2호의2",1
"3695","제2호의안:",1
"3696","제2회",6
"3697","제3자",3
"3698","제3자에게",6
"3699","제3호",3
"3700","제3호에",1
"3701","제3호의안:",1
"3702","제43회",1
"3703","제4호",2
"3704","제4호에서",1
"3705","제4호의안:",1
"3706","제5",3
"3707","제50회",1
"3708","제55회",1
"3709","제5기",1
"3710","제5호",2
"3711","제5호의안:",1
"3712","제6기",8
"3713","제7기",11
"3714","제각",11
"3715","제거",22
"3716","제공",58
"3717","제공된정보",1
"3718","제공자",13
"3719","제기",3
"3720","제네릭",8
"3721","제네릭)과",1
"3722","제당",1
"3723","제도",23
"3724","제로",1
"3725","제비",2
"3726","제시",1
"3727","제안",1
"3728","제약",70
"3729","제약사",4
"3730","제약산업",1
"3731","제약업계",1
"3732","제약업체",1
"3733","제외",30
"3734","제의",1
"3735","제일",4
"3736","제재",5
"3737","제정",14
"3738","제제",8
"3739","제제연구1팀",1
"3740","제제연구2팀",1
"3741","제조",64
"3742","제조공장",1
"3743","제조방법",1
"3744","제조부문",1
"3745","제조현장",1
"3746","제출",9
"3747","제품",55
"3748","제품(컨디션",1
"3749","제한",13
"3750","제형연구",1
"3751","조건",28
"3752","조건부",2
"3753","조기상환",11
"3754","조달금액",2
"3755","조달사",1
"3756","조례",1
"3757","조사",1
"3758","조사연구",1
"3759","조성",10
"3760","조성물(해외",1
"3761","조절",1
"3762","조정",29
"3763","조직",11
"3764","조치",2
"3765","조하",1
"3766","조합",3
"3767","조합원",2
"3768","조홍",1
"3769","존속",2
"3770","존재",9
"3771","존재여부",1
"3772","존재하며해당",1
"3773","종료",3
"3774","종류",34
"3775","종류\구분",1
"3776","종목",1
"3777","종사",1
"3778","종속",78
"3779","종속기업투",1
"3780","종업원",8
"3781","종전",2
"3782","종합금융",1
"3783","종합보험",2
"3784","종합화학",3
"3785","좌수(좌)",6
"3786","주1)",11
"3787","주2)",9
"3788","주3)",3
"3789","주4)",2
"3790","주5)",2
"3791","주6)",1
"3792","주7)",1
"3793","주가",1
"3794","주가변동",4
"3795","주간",2
"3796","주관",1
"3797","주권",9
"3798","주기",3
"3799","주당",36
"3800","주도하",5
"3801","주목",1
"3802","주문",1
"3803","주사",2
"3804","주사액",1
"3805","주사업",1
"3806","주사제",1
"3807","주석",27
"3808","주선",1
"3809","주소",3
"3810","주시",1
"3811","주식",124
"3812","주식매매",7
"3813","주식매수",5
"3814","주식발행",8
"3815","주식배당",1
"3816","주식분할",1
"3817","주식사",1
"3818","주식소유",1
"3819","주식수(B)",1
"3820","주식수(C)",1
"3821","주식수(D)",1
"3822","주식수(E)",1
"3823","주식회사",6
"3824","주요",79
"3825","주요내용",1
"3826","주요사",3
"3827","주요사업",3
"3828","주요사항",2
"3829","주요주주",5
"3830","주원료",1
"3831","주윤정",1
"3832","주의",5
"3833","주의사",1
"3834","주인",1
"3835","주주",47
"3836","주주총회",19
"3837","주지",4
"3838","주택채권",4
"3839","준공",1
"3840","준법",1
"3841","준비",1
"3842","준비금",13
"3843","준수",1
"3844","준수여부",1
"3845","중간",2
"3846","중개업자",1
"3847","중견",1
"3848","중고",1
"3849","중구",2
"3850","중국",17
"3851","중국(북경",1
"3852","중국건설은행",1
"3853","중국을",1
"3854","중국제2공장",1
"3855","중국총괄",2
"3856","중국향",1
"3857","중대",1
"3858","중도상환",2
"3859","중소기업",10
"3860","중소형",1
"3861","중소형사",1
"3862","중심",4
"3863","중앙",3
"3864","중앙은행",1
"3865","중앙회",2
"3866","중외",1
"3867","중요",28
"3868","중이",1
"3869","중인",29
"3870","중장기",4
"3871","중장기적",4
"3872","증가",50
"3873","증가(감소",11
"3874","증가(감소)",5
"3875","증감",11
"3876","증감(%",1
"3877","증거",2
"3878","증권",14
"3879","증대",3
"3880","증분",1
"3881","증사",3
"3882","증서",1
"3883","증설",3
"3884","증액",2
"3885","증자",6
"3886","증축공사",1
"3887","지골피",1
"3888","지구온난화",1
"3889","지급",93
"3890","지급금",3
"3891","지급보증료",4
"3892","지급액",7
"3893","지도",1
"3894","지방자치단체",1
"3895","지배",16
"3896","지배관계",2
"3897","지배구조",2
"3898","지배력",15
"3899","지배인",1
"3900","지배하",2
"3901","지배ㆍ종속",1
"3902","지베르",1
"3903","지분",96
"3904","지분(%",1
"3905","지분(%)",2
"3906","지분율",11
"3907","지분율(%",2
"3908","지분율(%)",12
"3909","지분적투자",1
"3910","지분투",3
"3911","지불",1
"3912","지속",20
"3913","지속가능",1
"3914","지속력",1
"3915","지수",1
"3916","지식",1
"3917","지역",5
"3918","지역별",2
"3919","지연",6
"3920","지원",5
"3921","지원조직",2
"3922","지위",3
"3923","지적재산권",1
"3924","지점",1
"3925","지정",8
"3926","지주",4
"3927","지주사",1
"3928","지주회사",4
"3929","지질",2
"3930","지출",5
"3931","지표",2
"3932","지향",1
"3933","직결",3
"3934","직면",2
"3935","직무",2
"3936","직원",4
"3937","직위",9
"3938","직전",2
"3939","직접",9
"3940","직책",2
"3941","진보",1
"3942","진입",2
"3943","진출",6
"3944","진행",22
"3945","진행상",9
"3946","진행ㆍ변경상",1
"3947","질권",5
"3948","질환",5
"3949","집단",1
"3950","집중",3
"3951","집행",8
"3952","執行役員",1
"3953","징후",3
"3954","차감",58
"3955","차년도",4
"3956","차등",8
"3957","차량",13
"3958","차별화",2
"3959","차분",4
"3960","차손",19
"3961","차액",4
"3962","차이",30
"3963","차익",2
"3964","차입",44
"3965","차입구조",2
"3966","차입금",50
"3967","차입금(D)",2
"3968","차주",2
"3969","찬성",140
"3970","참고",1
"3971","참석",7
"3972","참여",6
"3973","참여자",1
"3974","참조",17
"3975","창사",1
"3976","창출",13
"3977","채권",63
"3978","채권단",2
"3979","채권발행",2
"3980","채권자",1
"3981","채권형신탁",2
"3982","채널",2
"3983","채널(면세점",1
"3984","채무",71
"3985","채무보증",5
"3986","채무자",1
"3987","채택",3
"3988","채희원",1
"3989","책임",5
"3990","책정",8
"3991","처럼",1
"3992","처리",12
"3993","처리기준",1
"3994","처방",2
"3995","처분",62
"3996","처장",3
"3997","천CAD",1
"3998","천CNY",1
"3999","천USD",1
"4000","천식",1
"4001","철저",1
"4002","청구",11
"4003","청구권",4
"4004","청산",3
"4005","청약",11
"4006","청약자",1
"4007","청원",1
"4008","체결",17
"4009","체결된(또는",2
"4010","체계",7
"4011","체화",1
"4012","초과",30
"4013","초기",1
"4014","초래",2
"4015","초미",1
"4016","초미세",1
"4017","초월",1
"4018","촉진",1
"4019","총계",17
"4020","총괄",10
"4021","총무",1
"4022","총발행주식",1
"4023","총발행주식수",1
"4024","총부문수익",1
"4025","총비용",2
"4026","총소요시",1
"4027","총수",15
"4028","총액",29
"4029","총자산",2
"4030","총장",4
"4031","총포괄손",2
"4032","총포괄손익",1
"4033","총합계",3
"4034","최건호",1
"4035","최고",11
"4036","최고액",3
"4037","최근",9
"4038","최다",1
"4039","최대",29
"4040","최동재",1
"4041","최민영",1
"4042","최선",2
"4043","최소",9
"4044","최소리스료",6
"4045","최소화",10
"4046","최신",1
"4047","최우선",1
"4048","최우수",1
"4049","최우수상",1
"4050","최저",1
"4051","최적",2
"4052","최종",2
"4053","최종결과",6
"4054","최철규",2
"4055","최초",75
"4056","최학배",1
"4057","최한곤",6
"4058","최현규",2
"4059","추가",7
"4060","추구",2
"4061","추산",1
"4062","추석",8
"4063","추세",1
"4064","추정",35
"4065","추정치",6
"4066","추진",3
"4067","추천",4
"4068","추출물",4
"4069","축소",6
"4070","축적",2
"4071","출범",1
"4072","출생년월",1
"4073","출시",10
"4074","출자",13
"4075","출자자",2
"4076","출하",1
"4077","충당",70
"4078","충족",7
"4079","충청남도",1
"4080","충청북도",1
"4081","충청북도청",2
"4082","취득",93
"4083","취득(처분)",1
"4084","취득자",3
"4085","취소",10
"4086","取締役",1
"4087","측면",9
"4088","측정",219
"4089","치료",5
"4090","치료제",2
"4091","치약",1
"4092","치유",1
"4093","치주",1
"4094","친화",1
"4095","침체",2
"4096","카버코리아",2
"4097","카버코리아와",1
"4098","칸자키",4
"4099","칸자키토모지",4
"4100","캄파니엘엘씨",2
"4101","캠실레이트",1
"4102","캡슐",1
"4103","캡슐레이션",1
"4104","컨디션",6
"4105","컨설팅",1
"4106","케어",10
"4107","케이",5
"4108","케이캡정",6
"4109","케이캡정은",2
"4110","코스",3
"4111","코오롱제약",1
"4112","코오롱제약)",1
"4113","코코스",1
"4114","코팅",1
"4115","콜마스크",2
"4116","콜옵션",2
"4117","쾌거",1
"4118","크레미진",1
"4119","크림",2
"4120","클러스터",1
"4121","클리닉",1
"4122","키나제",2
"4123","타사",1
"4124","타인",7
"4125","타입",1
"4126","타회사",1
"4127","테노포비어",1
"4128","테크놀러지",1
"4129","텔레콤",1
"4130","토대",4
"4131","토모지",1
"4132","토모치",1
"4133","토시유키",1
"4134","토지",12
"4135","통계",2
"4136","통상",6
"4137","통신",2
"4138","통제",9
"4139","통지",2
"4140","통합",1
"4141","통화",18
"4142","퇴직",11
"4143","퇴직금",2
"4144","퇴직소득",4
"4145","퇴직연금",2
"4146","투기",2
"4147","투데이",2
"4148","투여",1
"4149","투입",18
"4150","투자",105
"4151","투자액",2
"4152","투자자",10
"4153","투표",3
"4154","투표제도",2
"4155","튜브",1
"4156","트렌드",4
"4157","트렌드가",1
"4158","특기사",1
"4159","특례",3
"4160","특성",5
"4161","특성상",2
"4162","특수",108
"4163","특수관계인",1
"4164","특전",1
"4165","특정",10
"4166","특징",1
"4167","특판",1
"4168","특판(80억",1
"4169","특허",12
"4170","특화",1
"4171","특화하는",1
"4172","특히",1
"4173","파산",1
"4174","파생",3
"4175","파생금융상품",3
"4176","파생상품",18
"4177","파악",4
"4178","파인",1
"4179","파트너",1
"4180","판단",30
"4181","판매",39
"4182","판매계획",1
"4183","판매비와관리",2
"4184","판매비용",2
"4185","판매수량",1
"4186","판매업",3
"4187","판매촉진",1
"4188","판명",1
"4189","패션",1
"4190","패소하였거나",1
"4191","패키",1
"4192","패키지",3
"4193","패키징",1
"4194","페메트렉시드",1
"4195","펜실베니아",1
"4196","펨타주",2
"4197","편입",9
"4198","평가",146
"4199","평균",12
"4200","평균가격",2
"4201","평천로",1
"4202","폐기",4
"4203","폐기물",4
"4204","폐쇄",3
"4205","폐쇄시기",1
"4206","폐수처리",1
"4207","폐지",2
"4208","포괄",115
"4209","포상",1
"4210","포스트",1
"4211","포장",1
"4212","포장재",2
"4213","포지셔닝을",1
"4214","포트폴리오",2
"4215","포트폴리오와",1
"4216","포함",89
"4217","폭발",1
"4218","표기",4
"4219","표면",1
"4220","표명",2
"4221","표문수",1
"4222","표방",1
"4223","표본추출",1
"4224","표상",4
"4225","표시",44
"4226","품등",3
"4227","품목",12
"4228","품질",10
"4229","풋백",1
"4230","풍부",1
"4231","프로세스",1
"4232","프로젝트",1
"4233","프리",1
"4234","피고",6
"4235","피보증인이",3
"4236","피부",13
"4237","피취득자",1
"4238","피취득자에",2
"4239","피토스테릴",1
"4240","피투자자를",1
"4241","피투자자에",2
"4242","필드",1
"4243","필름",2
"4244","필수",1
"4245","필요",21
"4246","하게",18
"4247","하기",44
"4248","하나",9
"4249","하나은행",2
"4250","하단",1
"4251","하락",21
"4252","하시",13
"4253","하에",1
"4254","하에서",4
"4255","하정철",1
"4256","학적",2
"4257","한겨레신문사",1
"4258","한계점",1
"4259","한국",8
"4260","한국거래소",1
"4261","한국거래소가",2
"4262","한국경제",2
"4263","한국기업",6
"4264","한국산업",10
"4265","한국씨엠에스",1
"4266","한국의",1
"4267","한국증권금융",2
"4268","한국콜",5
"4269","한국콜마",15
"4270","한국콜마는",3
"4271","한국콜마와",2
"4272","한국투자증",1
"4273","한국투자증권",1
"4274","한국팜비오",1
"4275","한도",19
"4276","한도금액",1
"4277","한독",1
"4278","한미약품",1
"4279","한상근",1
"4280","한양대",3
"4281","한양대학교",3
"4282","한영",1
"4283","한정",9
"4284","한화",3
"4285","할인",11
"4286","할인율",12
"4287","함유",4
"4288","합계",169
"4289","합계(주1)",2
"4290","합리",10
"4291","합병",13
"4292","합산",1
"4293","합성",1
"4294","합자회사",6
"4295","항구",1
"4296","항목",23
"4297","항생",1
"4298","항생제",1
"4299","항소심",3
"4300","항암제",1
"4301","항염증",1
"4302","해당",116
"4303","해당액",2
"4304","해당없",8
"4305","해상보험",1
"4306","해상화재보험",1
"4307","해서",6
"4308","해석",22
"4309","해소",3
"4310","해오",1
"4311","해외",15
"4312","해외시장개척",2
"4313","해외영업",1
"4314","핵심",5
"4315","행방불명",1
"4316","행사",33
"4317","행사가액",6
"4318","행사비",1
"4319","행정조치",1
"4320","향료",1
"4321","향상",3
"4322","허가",9
"4323","허용",10
"4324","헛개수",5
"4325","헛개수PET",2
"4326","헤르벤",1
"4327","헬스",9
"4328","헬스케",3
"4329","헷지를",1
"4330","혁신",2
"4331","현금",82
"4332","현금결제",4
"4333","현금배당",2
"4334","현대",1
"4335","현상",1
"4336","현승수",1
"4337","현실",1
"4338","현재",49
"4339","현저",1
"4340","현지",3
"4341","현지법인",2
"4342","현행",2
"4343","현황",44
"4344","혈증",1
"4345","협력",3
"4346","협력회사",1
"4347","협상",2
"4348","협약",3
"4349","협업",1
"4350","협회",1
"4351","형광등",1
"4352","형식상",2
"4353","형자",10
"4354","형태",5
"4355","호조",1
"4356","혼입",1
"4357","혼합",1
"4358","홀딩",1
"4359","홈페이",1
"4360","홈페이지",3
"4361","홍보",1
"4362","홍삼",2
"4363","홍이표",1
"4364","홍진",1
"4365","홍진수",4
"4366","화공과",1
"4367","화장",3
"4368","화장료",3
"4369","화장품",148
"4370","화재",2
"4371","화폐성",8
"4372","화학",5
"4373","화학공학",2
"4374","화학공학과",1
"4375","확대",9
"4376","확보",8
"4377","확산",1
"4378","확신",3
"4379","확인",10
"4380","확장",1
"4381","확정",47
"4382","환경",17
"4383","환경경영",5
"4384","환경경영시스",1
"4385","환경오염",3
"4386","환급",3
"4387","환불",1
"4388","환산",22
"4389","환원",2
"4390","환원효소",1
"4391","환위험",3
"4392","환위험관",2
"4393","환위험을",2
"4394","환율",9
"4395","환율변동",9
"4396","환입가능성을",2
"4397","환자",1
"4398","환포지션",2
"4399","활동",29
"4400","활성",6
"4401","활용",4
"4402","황나옥",1
"4403","황옥례",3
"4404","회계",43
"4405","회계감사",4
"4406","회계기간",4
"4407","회계기준",25
"4408","회계법",2
"4409","회계법인",1
"4410","회계연도",23
"4411","회계처리",17
"4412","회사",72
"4413","회사명",12
"4414","회사채",6
"4415","회수",27
"4416","회수불능",1
"4417","회원권",2
"4418","회의",10
"4419","회장",3
"4420","회차",2
"4421","회피",8
"4422","획득",9
"4423","획수",1
"4424","효과",44
"4425","효능",1
"4426","효모",1
"4427","효익을",2
"4428","후보",2
"4429","후보자",3
"4430","후속",9
"4431","후순위대출",1
"4432","후순위부채",2
"4433","후순위부채를",1
"4434","흐름",41
"4435","흡습성을",1
"4436","희박",4
"4437","희석",22
"4438","히트",8
"4439","힐리언스",1
"4440","ㆍ통제에",1
